Name,Address,City,State,ZIP,ZIP_4,County,Neighod,Phone,NAICS,NAICS_Des,Franchise,Empl_range,Empl_act,Sales_Rang,Sales_act,BuisType,Update,Yrs_data,Yrs_est,sqf,PC,Rent_Exp,Util_exp,block,Tract,Rec_Type
Alam Grocery Inc,1424 Newkirk Ave,Brooklyn,NY,11226,6522,Kings,Flatbush,(718) 483-9106,445110,Supermarkets/Other Grocery (Exc Convenience) Strs,,1 to 4,3,"$500,000-1 Million","$795,000 ",Single Loc,201408,7,,"0 - 2,499",0 - 1 Pcs,"$10,000 to $25,000","$10,000 to $25,000",2,52000,Verified
Alamria Grocery Store,1516 Fulton St,Brooklyn,NY,11216,5375,Kings,Bedford-Stuyvesant,(347) 240-3579,445110,Supermarkets/Other Grocery (Exc Convenience) Strs,,1 to 4,3,"$500,000-1 Million","$795,000 ",Single Loc,201401,3,,"0 - 2,499",,"$10,000 to $25,000","$10,000 to $25,000",1,27100,Verified
Aleena Deli Grocery,1717 Pitkin Ave,Brooklyn,NY,11212,6603,Kings,Brownsville,(718) 483-8745,445110,Supermarkets/Other Grocery (Exc Convenience) Strs,,1 to 4,3,"$500,000-1 Million","$795,000 ",Single Loc,201311,3,,"0 - 2,499",,"$10,000 to $25,000","$10,000 to $25,000",1,90600,Verified
Alekwan Court,774 3rd Ave,Brooklyn,NY,11232,1418,Kings,Greenwood Heights,(718) 768-5680,445110,Supermarkets/Other Grocery (Exc Convenience) Strs,,1 to 4,3,"$500,000-1 Million","$795,000 ",Single Loc,201403,16,,"0 - 2,499",0 - 1 Pcs,"$10,000 to $25,000","$10,000 to $25,000",1,1800,Verified
Alex Deli & Grocery,1420 Mermaid Ave # 1,Brooklyn,NY,11224,2656,Kings,Coney Island,(718) 265-0675,722511,Full-Service Restaurants,,1 to 4,2,"Less Than $500,000","$134,000 ",Single Loc,201407,6,,"0 - 2,499",0 - 1 Pcs,"Less than $10,000","$2,000 to $5,000",2,34800,Verified
Alex Deli Grocery,738 Nostrand Ave,Brooklyn,NY,11216,3906,Kings,Crown Heights,(718) 771-8893,722511,Full-Service Restaurants,,5 to 9,6,"Less Than $500,000","$404,000 ",Single Loc,201408,8,,"0 - 2,499",0 - 1 Pcs,"$25,000 to $50,000","$10,000 to $25,000",3,31701,Verified
Alex International Food,9413 5th Ave,Brooklyn,NY,11209,7484,Kings,Bay Ridge,(718) 238-1065,445110,Supermarkets/Other Grocery (Exc Convenience) Strs,,1 to 4,2,"$500,000-1 Million","$530,000 ",Single Loc,201408,8,,"0 - 2,499",0 - 1 Pcs,"$10,000 to $25,000","$5,000 to $10,000",1,16200,Verified
Alfadhl Grocery Inc,1099 Clarkson Ave,Brooklyn,NY,11212,2728,Kings,East Flatbush,(718) 485-1937,445110,Supermarkets/Other Grocery (Exc Convenience) Strs,,1 to 4,3,"$500,000-1 Million","$795,000 ",Single Loc,201407,2,,"0 - 2,499",,"$10,000 to $25,000","$10,000 to $25,000",3,88400,Verified
Alfonso Grocery Store,395 Broadway,Brooklyn,NY,11211,7303,Kings,Williamsburg,(718) 218-9204,445110,Supermarkets/Other Grocery (Exc Convenience) Strs,,1 to 4,1,"Less Than $500,000","$265,000 ",Single Loc,201403,8,,"0 - 2,499",0 - 1 Pcs,"Less than $10,000","$2,000 to $5,000",4,52700,Verified
Alhaddad Food Corp,909 Liberty Ave,Brooklyn,NY,11208,2507,Kings,East New York,(718) 277-4190,445110,Supermarkets/Other Grocery (Exc Convenience) Strs,,1 to 4,3,"$500,000-1 Million","$795,000 ",Single Loc,201405,3,,"0 - 2,499",,"$10,000 to $25,000","$10,000 to $25,000",1,119200,Verified
Ali Deli Grocery,247 Ralph Ave # B,Brooklyn,NY,11233,2267,Kings,Bedford-Stuyvesant,(347) 789-5112,445110,Supermarkets/Other Grocery (Exc Convenience) Strs,,1 to 4,3,"$500,000-1 Million","$795,000 ",Single Loc,201405,4,,"0 - 2,499",0 - 1 Pcs,"$10,000 to $25,000","$10,000 to $25,000",2,37900,Verified
Ali Grocery,1950 Bath Ave # 6,Brooklyn,NY,11214,4723,Kings,Bath Beach,(718) 333-0428,445110,Supermarkets/Other Grocery (Exc Convenience) Strs,,1 to 4,2,"$500,000-1 Million","$530,000 ",Single Loc,201408,16,,"0 - 2,499",0 - 1 Pcs,"$10,000 to $25,000","$5,000 to $10,000",3,28200,Verified
Ali Grocery & Deli,1224 Cortelyou Rd,Brooklyn,NY,11218,5404,Kings,Flatbush,(718) 856-5871,445110,Supermarkets/Other Grocery (Exc Convenience) Strs,,1 to 4,3,"$500,000-1 Million","$795,000 ",Single Loc,201408,24,,"0 - 2,499",0 - 1 Pcs,"$10,000 to $25,000","$10,000 to $25,000",1,52600,Verified
Ali Grocery Store,818 Nostrand Ave # A,Brooklyn,NY,11216,4403,Kings,Crown Heights,(718) 604-3525,445110,Supermarkets/Other Grocery (Exc Convenience) Strs,,1 to 4,3,"$500,000-1 Million","$795,000 ",Single Loc,201408,31,,"0 - 2,499",,"$10,000 to $25,000","$10,000 to $25,000",2,31702,Verified
All Asian Groceries,1086 Coney Island Ave,Brooklyn,NY,11230,2361,Kings,Kensington,(718) 434-7605,722511,Full-Service Restaurants,,1 to 4,2,"Less Than $500,000","$134,000 ",Single Loc,201408,27,1988,"0 - 2,499",0 - 1 Pcs,"Less than $10,000","$2,000 to $5,000",2,46000,Verified
All Fresh Supermarket Inc,46 Harrison Ave,Brooklyn,NY,11211,8149,Kings,Williamsburg,(718) 302-1818,445110,Supermarkets/Other Grocery (Exc Convenience) Strs,,5 to 9,7,$1-2.5 Million,"$1,855,000 ",Single Loc,201402,16,,"2,500 - 9,999",0 - 1 Pcs,"$25,000 to $50,000","$10,000 to $25,000",2,52900,Verified
All Natural Food Corp,111 Ditmas Ave,Brooklyn,NY,11218,4901,Kings,Kensington,(718) 435-7007,445110,Supermarkets/Other Grocery (Exc Convenience) Strs,,5 to 9,6,$1-2.5 Million,"$1,590,000 ",Single Loc,201408,7,,"0 - 2,499",0 - 1 Pcs,"$25,000 to $50,000","$10,000 to $25,000",2,48600,Verified
Allos Superette,3901 Nostrand Ave # 4,Brooklyn,NY,11235,2150,Kings,Sheepshead Bay,(718) 934-8328,445110,Supermarkets/Other Grocery (Exc Convenience) Strs,,1 to 4,3,"$500,000-1 Million","$795,000 ",Single Loc,201408,6,,"0 - 2,499",0 - 1 Pcs,"$10,000 to $25,000","$10,000 to $25,000",1,59800,Verified
Allure Foods,1833 63rd St,Brooklyn,NY,11204,2933,Kings,Mapleton,(718) 236-1100,445110,Supermarkets/Other Grocery (Exc Convenience) Strs,,5 to 9,5,$1-2.5 Million,"$1,325,000 ",Single Loc,201405,11,,"0 - 2,499",0 - 1 Pcs,"$25,000 to $50,000","$10,000 to $25,000",1,24800,Verified
Allure Foods,1542 45th St,Brooklyn,NY,11219,1628,Kings,Borough Park,(718) 686-1111,445110,Supermarkets/Other Grocery (Exc Convenience) Strs,,1 to 4,3,"$500,000-1 Million","$795,000 ",Single Loc,201408,4,,"0 - 2,499",,"$10,000 to $25,000","$10,000 to $25,000",1,23200,Verified
Allwae'Al Deli Grocery,1351 Saint Johns Pl,Brooklyn,NY,11213,3892,Kings,Crown Heights,(347) 240-5944,445110,Supermarkets/Other Grocery (Exc Convenience) Strs,,1 to 4,3,"$500,000-1 Million","$795,000 ",Single Loc,201403,3,,"0 - 2,499",,"$10,000 to $25,000","$10,000 to $25,000",1,35100,Verified
Almoiki Supermarket,264 Tompkins Ave,Brooklyn,NY,11216,1222,Kings,Bedford-Stuyvesant,(718) 638-9925,445110,Supermarkets/Other Grocery (Exc Convenience) Strs,,1 to 4,3,"$500,000-1 Million","$795,000 ",Single Loc,201408,13,,"0 - 2,499",0 - 1 Pcs,"$10,000 to $25,000","$10,000 to $25,000",1,26300,Verified
Almoliki Supermarket,264 Tompkins Ave,Brooklyn,NY,11216,1222,Kings,Bedford-Stuyvesant,(718) 636-6026,445110,Supermarkets/Other Grocery (Exc Convenience) Strs,,1 to 4,3,"$500,000-1 Million","$795,000 ",Single Loc,201408,12,,"0 - 2,499",0 - 1 Pcs,"$10,000 to $25,000","$10,000 to $25,000",1,26300,Verified
Almonte Deli,815 4th Ave,Brooklyn,NY,11232,1605,Kings,Greenwood Heights,(718) 832-6153,445110,Supermarkets/Other Grocery (Exc Convenience) Strs,,1 to 4,3,"$500,000-1 Million","$795,000 ",Single Loc,201408,20,,"0 - 2,499",0 - 1 Pcs,"$10,000 to $25,000","$10,000 to $25,000",1,10100,Verified
Almonte Grocery,181 Saint Nicholas Ave,Brooklyn,NY,11237,4838,Kings,Bushwick,(718) 386-0034,445110,Supermarkets/Other Grocery (Exc Convenience) Strs,,1 to 4,2,"$500,000-1 Million","$530,000 ",Single Loc,201408,13,2002,"0 - 2,499",0 - 1 Pcs,"$10,000 to $25,000","$5,000 to $10,000",1,44300,Verified
Almonte Grocery,295 Harman St,Brooklyn,NY,11237,4903,Kings,Bushwick,(718) 574-6204,445110,Supermarkets/Other Grocery (Exc Convenience) Strs,,1 to 4,3,"$500,000-1 Million","$795,000 ",Single Loc,201408,23,,"0 - 2,499",0 - 1 Pcs,"$10,000 to $25,000","$10,000 to $25,000",2,43100,Verified
Almonte Lands Food Corp,5101 Avenue N,Brooklyn,NY,11234,3807,Kings,Flatlands,(718) 252-6264,445110,Supermarkets/Other Grocery (Exc Convenience) Strs,,1 to 4,3,"$500,000-1 Million","$795,000 ",Single Loc,201408,4,,"0 - 2,499",0 - 1 Pcs,"$10,000 to $25,000","$10,000 to $25,000",2,68000,Verified
Almost Everything Store,656 Sutter Ave # A,Brooklyn,NY,11207,4120,Kings,East New York,(718) 498-8644,445110,Supermarkets/Other Grocery (Exc Convenience) Strs,,1 to 4,2,"$500,000-1 Million","$530,000 ",Single Loc,201407,14,,"0 - 2,499",0 - 1 Pcs,"$10,000 to $25,000","$5,000 to $10,000",2,115800,Verified
Alomari's Supermarket,401 Schenectady Ave,Brooklyn,NY,11213,5465,Kings,Crown Heights,(718) 756-6305,445110,Supermarkets/Other Grocery (Exc Convenience) Strs,,1 to 4,3,"$500,000-1 Million","$795,000 ",Single Loc,201405,8,,"0 - 2,499",0 - 1 Pcs,"$10,000 to $25,000","$10,000 to $25,000",2,35500,Verified
Alonzo Grocery,1195 Bushwick Ave,Brooklyn,NY,11221,4810,Kings,Bushwick,(347) 750-8359,722511,Full-Service Restaurants,,5 to 9,6,"Less Than $500,000","$404,000 ",Single Loc,201406,5,,"0 - 2,499",0 - 1 Pcs,"$25,000 to $50,000","$10,000 to $25,000",1,39900,Verified
Alpine Grocery Store,4407 Fort Hamilton Pkwy,Brooklyn,NY,11219,1950,Kings,Borough Park,(718) 871-1700,445110,Supermarkets/Other Grocery (Exc Convenience) Strs,,1 to 4,3,"$500,000-1 Million","$795,000 ",Single Loc,201405,3,,"0 - 2,499",,"$10,000 to $25,000","$10,000 to $25,000",3,22200,Verified
Alsaedi Grocery,767 4th Ave,Brooklyn,NY,11232,1415,Kings,Greenwood Heights,(718) 768-1918,445110,Supermarkets/Other Grocery (Exc Convenience) Strs,,1 to 4,2,"$500,000-1 Million","$530,000 ",Single Loc,201408,13,,"0 - 2,499",0 - 1 Pcs,"$10,000 to $25,000","$5,000 to $10,000",1,10100,Verified
Alsari Grocery Corp,1249 Sutter Ave,Brooklyn,NY,11208,3803,Kings,City Line,(718) 928-7440,445110,Supermarkets/Other Grocery (Exc Convenience) Strs,,1 to 4,3,"$500,000-1 Million","$795,000 ",Single Loc,201408,3,,"0 - 2,499",,"$10,000 to $25,000","$10,000 to $25,000",4,119600,Verified
ALT International Food Inc,920 Cortelyou Rd,Brooklyn,NY,11218,5214,Kings,Kensington,(718) 282-5270,445110,Supermarkets/Other Grocery (Exc Convenience) Strs,,1 to 4,1,"Less Than $500,000","$265,000 ",Single Loc,201408,12,2003,"0 - 2,499",0 - 1 Pcs,"Less than $10,000","$2,000 to $5,000",3,49200,Verified
AM & PM Grocery,6223 Fort Hamilton Pkwy,Brooklyn,NY,11219,5116,Kings,Borough Park,(718) 491-1513,445110,Supermarkets/Other Grocery (Exc Convenience) Strs,,1 to 4,2,"$500,000-1 Million","$530,000 ",Single Loc,201408,13,,"0 - 2,499",0 - 1 Pcs,"$10,000 to $25,000","$5,000 to $10,000",1,21200,Verified
Am1 Grocery Corp,5724 5th Ave,Brooklyn,NY,11220,3816,Kings,Sunset Park,(718) 439-7045,445110,Supermarkets/Other Grocery (Exc Convenience) Strs,,1 to 4,3,"$500,000-1 Million","$795,000 ",Single Loc,201408,3,,"0 - 2,499",,"$10,000 to $25,000","$10,000 to $25,000",1,7400,Verified
Amadar Grocery,2676 Pitkin Ave,Brooklyn,NY,11208,2705,Kings,City Line,(347) 915-1744,445110,Supermarkets/Other Grocery (Exc Convenience) Strs,,1 to 4,3,"$500,000-1 Million","$795,000 ",Single Loc,201408,3,,"0 - 2,499",,"$10,000 to $25,000","$10,000 to $25,000",3,119600,Verified
Amar Deli & Grocery,392 Neptune Ave,Brooklyn,NY,11235,8026,Kings,Brighton Beach,(718) 648-9740,445110,Supermarkets/Other Grocery (Exc Convenience) Strs,,1 to 4,2,"$500,000-1 Million","$530,000 ",Single Loc,201311,7,,"0 - 2,499",0 - 1 Pcs,"$10,000 to $25,000","$5,000 to $10,000",2,36400,Verified
Amazing Groceries,842 Rockaway Ave,Brooklyn,NY,11212,5847,Kings,Brownsville,(718) 928-7848,445110,Supermarkets/Other Grocery (Exc Convenience) Strs,,1 to 4,3,"$500,000-1 Million","$795,000 ",Single Loc,201408,3,,"0 - 2,499",,"$10,000 to $25,000","$10,000 to $25,000",3,91600,Verified
Ambe USA Inc,6424 4th Ave,Brooklyn,NY,11220,4924,Kings,Bay Ridge,(718) 492-0824,445110,Supermarkets/Other Grocery (Exc Convenience) Strs,,1 to 4,1,"Less Than $500,000","$265,000 ",Single Loc,201408,31,,"0 - 2,499",0 - 1 Pcs,"Less than $10,000","$2,000 to $5,000",1,7000,Verified
Amboy Grocery,174 Blake Ave,Brooklyn,NY,11212,5002,Kings,Brownsville,(718) 345-5491,445110,Supermarkets/Other Grocery (Exc Convenience) Strs,,1 to 4,4,$1-2.5 Million,"$1,060,000 ",Single Loc,201402,24,,"0 - 2,499",0 - 1 Pcs,"$25,000 to $50,000","$10,000 to $25,000",1,89800,Verified
Ambrosia Food Inc,3224 Church Ave,Brooklyn,NY,11226,4214,Kings,Flatbush,(718) 703-1617,445110,Supermarkets/Other Grocery (Exc Convenience) Strs,,1 to 4,3,"$500,000-1 Million","$795,000 ",Single Loc,201402,3,,"0 - 2,499",,"$10,000 to $25,000","$10,000 to $25,000",1,82400,Verified
Ambrosial Granola Inc,8124 7th Ave,Brooklyn,NY,11228,2805,Kings,Dyker Heights,(718) 491-1335,445110,Supermarkets/Other Grocery (Exc Convenience) Strs,,1 to 4,3,"$500,000-1 Million","$795,000 ",Single Loc,201404,12,,"0 - 2,499",0 - 1 Pcs,"$10,000 to $25,000","$10,000 to $25,000",1,14000,Verified
Amby Food Ctr,318 Tompkins Ave # 1,Brooklyn,NY,11216,1534,Kings,Bedford-Stuyvesant,(718) 789-3580,445110,Supermarkets/Other Grocery (Exc Convenience) Strs,,1 to 4,2,"$500,000-1 Million","$530,000 ",Single Loc,201404,14,,"0 - 2,499",0 - 1 Pcs,"$10,000 to $25,000","$5,000 to $10,000",3,26500,Verified
America Grocery Store,579 Nostrand Ave,Brooklyn,NY,11216,3108,Kings,Crown Heights,(718) 774-3054,445110,Supermarkets/Other Grocery (Exc Convenience) Strs,,1 to 4,3,"$500,000-1 Million","$795,000 ",Single Loc,201408,25,,"0 - 2,499",0 - 1 Pcs,"$10,000 to $25,000","$10,000 to $25,000",1,31500,Verified
American Deli Grocery,6923 20th Ave,Brooklyn,NY,11204,4653,Kings,Bensonhurst,(718) 676-7000,445110,Supermarkets/Other Grocery (Exc Convenience) Strs,,1 to 4,3,"$500,000-1 Million","$795,000 ",Single Loc,201408,3,,"0 - 2,499",,"$10,000 to $25,000","$10,000 to $25,000",2,25800,Verified
American Grocery,1632 Dekalb Ave,Brooklyn,NY,11237,4002,Kings,Bushwick,(718) 821-2008,445110,Supermarkets/Other Grocery (Exc Convenience) Strs,,1 to 4,1,"Less Than $500,000","$265,000 ",Single Loc,201408,20,,"0 - 2,499",0 - 1 Pcs,"Less than $10,000","$2,000 to $5,000",1,44500,Verified
American Grocery Outlet,2914 Coney Island Ave,Brooklyn,NY,11235,5112,Kings,Sheepshead Bay,(347) 462-1776,445110,Supermarkets/Other Grocery (Exc Convenience) Strs,,1 to 4,3,"$500,000-1 Million","$795,000 ",Single Loc,201310,4,,"0 - 2,499",0 - 1 Pcs,"$10,000 to $25,000","$10,000 to $25,000",4,37000,Verified
AMG Grocery Corp,1395 Nostrand Ave,Brooklyn,NY,11226,3503,Kings,Flatbush,(718) 284-1408,445110,Supermarkets/Other Grocery (Exc Convenience) Strs,,1 to 4,2,"$500,000-1 Million","$530,000 ",Single Loc,201408,7,,"0 - 2,499",0 - 1 Pcs,"$10,000 to $25,000","$5,000 to $10,000",1,81800,Verified
Amis Food LLC,653 Nostrand Ave,Brooklyn,NY,11216,3615,Kings,Crown Heights,(718) 735-3592,445110,Supermarkets/Other Grocery (Exc Convenience) Strs,,20 to 49,46,$10-20 Million,"$12,192,000 ",Single Loc,201408,27,,"2,500 - 9,999",2 - 9 Pcs,"$250,000 to $500,000","Over $100,000",1,31701,Verified
Ammar Food,2070 Flatbush Ave,Brooklyn,NY,11234,4314,Kings,Marine Park,(718) 421-6460,445110,Supermarkets/Other Grocery (Exc Convenience) Strs,,1 to 4,2,"$500,000-1 Million","$530,000 ",Single Loc,201408,8,,"0 - 2,499",0 - 1 Pcs,"$10,000 to $25,000","$5,000 to $10,000",1,65000,Verified
Ampol Foods Inc,150 Greenpoint Ave,Brooklyn,NY,11222,2202,Kings,Greenpoint,(718) 532-0638,445110,Supermarkets/Other Grocery (Exc Convenience) Strs,,1 to 4,3,"$500,000-1 Million","$795,000 ",Single Loc,201405,6,,"0 - 2,499",0 - 1 Pcs,"$10,000 to $25,000","$10,000 to $25,000",3,56500,Verified
Andy Grocery Inc,4514 3rd Ave,Brooklyn,NY,11220,1037,Kings,Sunset Park,(718) 439-1369,445110,Supermarkets/Other Grocery (Exc Convenience) Strs,,1 to 4,3,"$500,000-1 Million","$795,000 ",Single Loc,201408,3,,"0 - 2,499",,"$10,000 to $25,000","$10,000 to $25,000",1,200,Verified
Andy Grocery Store,1292 Flatbush Ave,Brooklyn,NY,11226,7601,Kings,Flatbush,(718) 676-0535,445110,Supermarkets/Other Grocery (Exc Convenience) Strs,,1 to 4,3,"$500,000-1 Million","$795,000 ",Single Loc,201408,4,,"0 - 2,499",0 - 1 Pcs,"$10,000 to $25,000","$10,000 to $25,000",3,51601,Verified
Andy Yang Grocery,5924 8th Ave,Brooklyn,NY,11220,4345,Kings,Sunset Park,(718) 484-9115,445110,Supermarkets/Other Grocery (Exc Convenience) Strs,,1 to 4,3,"$500,000-1 Million","$795,000 ",Single Loc,201408,2,,"0 - 2,499",,"$10,000 to $25,000","$10,000 to $25,000",2,10400,Verified
Ange Deli,7918 5th Ave,Brooklyn,NY,11209,4002,Kings,Bay Ridge,(718) 833-1307,445110,Supermarkets/Other Grocery (Exc Convenience) Strs,,1 to 4,4,$1-2.5 Million,"$1,060,000 ",Single Loc,201405,8,,"0 - 2,499",0 - 1 Pcs,"$25,000 to $50,000","$10,000 to $25,000",3,13600,Verified
Angel Deli Grocery,1564 Park Pl,Brooklyn,NY,11213,3110,Kings,Weeksville,(718) 953-2292,445110,Supermarkets/Other Grocery (Exc Convenience) Strs,,1 to 4,1,"Less Than $500,000","$265,000 ",Single Loc,201408,13,2002,"0 - 2,499",0 - 1 Pcs,"Less than $10,000","$2,000 to $5,000",3,34700,Verified
Angel Grocery,636 Rogers Ave,Brooklyn,NY,11226,2010,Kings,Flatbush,(718) 856-1359,445110,Supermarkets/Other Grocery (Exc Convenience) Strs,,1 to 4,3,"$500,000-1 Million","$795,000 ",Single Loc,201408,7,,"0 - 2,499",0 - 1 Pcs,"$10,000 to $25,000","$10,000 to $25,000",1,82200,Verified
Angela's Tacos,2270 86th St,Brooklyn,NY,11214,4138,Kings,Gravesend,(718) 266-2568,445110,Supermarkets/Other Grocery (Exc Convenience) Strs,,1 to 4,3,"$500,000-1 Million","$795,000 ",Single Loc,201404,6,,"0 - 2,499",0 - 1 Pcs,"$10,000 to $25,000","$10,000 to $25,000",3,29600,Verified
Angelisa Food Corp,279 Tompkins Ave # A,Brooklyn,NY,11216,1258,Kings,Bedford-Stuyvesant,(718) 230-7958,445110,Supermarkets/Other Grocery (Exc Convenience) Strs,,1 to 4,4,$1-2.5 Million,"$1,060,000 ",Single Loc,201408,21,,"0 - 2,499",0 - 1 Pcs,"$25,000 to $50,000","$10,000 to $25,000",1,26500,Verified
Angel's Deli & Grocery,320 Cortelyou Rd,Brooklyn,NY,11218,4924,Kings,Kensington,(718) 851-6041,445110,Supermarkets/Other Grocery (Exc Convenience) Strs,,1 to 4,2,"$500,000-1 Million","$530,000 ",Single Loc,201408,28,,"0 - 2,499",0 - 1 Pcs,"$10,000 to $25,000","$5,000 to $10,000",3,49000,Verified
Angie's Deli & Grocery,182 Graham Ave # A,Brooklyn,NY,11206,2166,Kings,Williamsburg,(718) 384-2909,445110,Supermarkets/Other Grocery (Exc Convenience) Strs,,1 to 4,2,"$500,000-1 Million","$530,000 ",Single Loc,201408,8,,"0 - 2,499",0 - 1 Pcs,"$10,000 to $25,000","$5,000 to $10,000",2,49300,Verified
Angi's Grocery,243 Ralph Ave,Brooklyn,NY,11233,2203,Kings,Bedford-Stuyvesant,(718) 455-0008,445110,Supermarkets/Other Grocery (Exc Convenience) Strs,,5 to 9,7,$1-2.5 Million,"$1,855,000 ",Single Loc,201408,10,2004,"2,500 - 9,999",0 - 1 Pcs,"$25,000 to $50,000","$10,000 to $25,000",1,37900,Verified
Annamaria Inc,2907 Surf Ave,Brooklyn,NY,11224,1705,Kings,Coney Island,(718) 372-8880,445110,Supermarkets/Other Grocery (Exc Convenience) Strs,,1 to 4,3,"$500,000-1 Million","$795,000 ",Single Loc,201311,3,,"0 - 2,499",,"$10,000 to $25,000","$10,000 to $25,000",2,34200,Verified
Anthony's Deli,2013 Avenue U,Brooklyn,NY,11229,3907,Kings,Madison,(718) 934-7552,722511,Full-Service Restaurants,,5 to 9,6,"Less Than $500,000","$404,000 ",Single Loc,201408,16,1999,"0 - 2,499",0 - 1 Pcs,"$25,000 to $50,000","$10,000 to $25,000",1,57800,Verified
Anyelyn Grocery,1229 Bedford Ave,Brooklyn,NY,11216,5247,Kings,Bedford-Stuyvesant,(718) 399-8010,445120,Convenience Stores,,1 to 4,2,"$500,000-1 Million","$530,000 ",Single Loc,201408,14,,"0 - 2,499",0 - 1 Pcs,"$10,000 to $25,000","$5,000 to $10,000",4,24500,Verified
Appel's Superette Inc,4507 14th Ave,Brooklyn,NY,11219,2107,Kings,Borough Park,(718) 435-1600,445110,Supermarkets/Other Grocery (Exc Convenience) Strs,,1 to 4,4,$1-2.5 Million,"$1,060,000 ",Single Loc,201401,31,,"0 - 2,499",0 - 1 Pcs,"$25,000 to $50,000","$10,000 to $25,000",2,23200,Verified
Appetizing Dairy Inc,5505 5th Ave # 2,Brooklyn,NY,11220,3475,Kings,Sunset Park,(718) 439-9899,445110,Supermarkets/Other Grocery (Exc Convenience) Strs,,1 to 4,2,"$500,000-1 Million","$530,000 ",Single Loc,201408,7,,"0 - 2,499",0 - 1 Pcs,"$10,000 to $25,000","$5,000 to $10,000",3,10000,Verified
Appetizing Plus,1133 Mcdonald Ave,Brooklyn,NY,11230,3327,Kings,Mapleton,(347) 312-6490,445110,Supermarkets/Other Grocery (Exc Convenience) Strs,,1 to 4,3,"$500,000-1 Million","$795,000 ",Single Loc,201408,4,,"0 - 2,499",0 - 1 Pcs,"$10,000 to $25,000","$10,000 to $25,000",2,46202,Verified
Aquah Deli Grocery,207 Hart St,Brooklyn,NY,11206,6801,Kings,Bedford-Stuyvesant,(347) 461-9858,445110,Supermarkets/Other Grocery (Exc Convenience) Strs,,1 to 4,3,"$500,000-1 Million","$795,000 ",Single Loc,201408,3,,"0 - 2,499",,"$10,000 to $25,000","$10,000 to $25,000",3,28300,Verified
ARAMARK,1904 Surf Ave,Brooklyn,NY,11224,2410,Kings,Coney Island,(718) 266-8642,454390,Other Direct Selling Establishments,,1 to 4,4,$1-2.5 Million,"$1,124,000 ",Branch,201408,7,,"10,000 - 39,999",2 - 9 Pcs,"$50,000 to $100,000","$2,000 to $5,000",1,35200,Verified
Argento Food Corp,32 Avenue O,Brooklyn,NY,11204,6060,Kings,Bensonhurst,(718) 837-3652,445110,Supermarkets/Other Grocery (Exc Convenience) Strs,,1 to 4,3,"$500,000-1 Million","$795,000 ",Single Loc,201408,4,,"0 - 2,499",,"$10,000 to $25,000","$10,000 to $25,000",3,43000,Verified
Arias Grocery,141 Evergreen Ave,Brooklyn,NY,11206,6152,Kings,Bushwick,(718) 627-6428,445110,Supermarkets/Other Grocery (Exc Convenience) Strs,,1 to 4,2,"$500,000-1 Million","$530,000 ",Single Loc,201408,24,,"0 - 2,499",0 - 1 Pcs,"$10,000 to $25,000","$5,000 to $10,000",2,42500,Verified
Arias Grocery Store,429 Irving Ave,Brooklyn,NY,11237,6014,Kings,Bushwick,(347) 295-2525,445110,Supermarkets/Other Grocery (Exc Convenience) Strs,,1 to 4,3,"$500,000-1 Million","$795,000 ",Single Loc,201408,5,,"0 - 2,499",,"$10,000 to $25,000","$10,000 to $25,000",1,43900,Verified
Ariel Food Ctr Corp,1154 Stanley Ave,Brooklyn,NY,11208,5012,Kings,East New York,(718) 348-9168,445110,Supermarkets/Other Grocery (Exc Convenience) Strs,,1 to 4,3,"$500,000-1 Million","$795,000 ",Single Loc,201408,23,,"0 - 2,499",0 - 1 Pcs,"$10,000 to $25,000","$10,000 to $25,000",2,122000,Verified
Aroma Food Inc,3045 Coney Island Ave,Brooklyn,NY,11235,5221,Kings,Brighton Beach,(718) 975-3663,445110,Supermarkets/Other Grocery (Exc Convenience) Strs,,1 to 4,4,$1-2.5 Million,"$1,060,000 ",Single Loc,201408,3,,"0 - 2,499",,"$25,000 to $50,000","$10,000 to $25,000",2,61003,Verified
Arroyo Seco Deli Groc,887 Hart St,Brooklyn,NY,11237,3201,Kings,Bushwick,(929) 210-8899,445110,Supermarkets/Other Grocery (Exc Convenience) Strs,,1 to 4,3,"$500,000-1 Million","$795,000 ",Single Loc,201403,4,,"0 - 2,499",,"$10,000 to $25,000","$10,000 to $25,000",2,42900,Verified
Artisan Food Valley,9204 3rd Ave,Brooklyn,NY,11209,6812,Kings,Bay Ridge,(718) 513-0071,445110,Supermarkets/Other Grocery (Exc Convenience) Strs,,1 to 4,4,$1-2.5 Million,"$1,060,000 ",Single Loc,201408,11,,"0 - 2,499",0 - 1 Pcs,"$25,000 to $50,000","$10,000 to $25,000",2,5800,Verified
Asa Deli & Supermarket Inc,8126 5th Ave,Brooklyn,NY,11209,4103,Kings,Bay Ridge,(718) 567-7808,445110,Supermarkets/Other Grocery (Exc Convenience) Strs,,1 to 4,2,"$500,000-1 Million","$530,000 ",Single Loc,201408,6,,"0 - 2,499",0 - 1 Pcs,"$10,000 to $25,000","$5,000 to $10,000",1,13800,Verified
Ashford Grocery Deli Inc,,Brooklyn,NY,11207,0,Kings,,(718) 927-0391,445110,Supermarkets/Other Grocery (Exc Convenience) Strs,,1 to 4,3,"$500,000-1 Million","$795,000 ",Single Loc,201403,3,,"0 - 2,499",,"$10,000 to $25,000","$10,000 to $25,000",2,115800,Verified
Ashley Grocery Store,333 Crescent St,Brooklyn,NY,11208,2816,Kings,East New York,(718) 277-5846,445110,Supermarkets/Other Grocery (Exc Convenience) Strs,,1 to 4,2,"$500,000-1 Million","$530,000 ",Single Loc,201408,12,,"0 - 2,499",0 - 1 Pcs,"$10,000 to $25,000","$5,000 to $10,000",2,118600,Verified
Ashyle's Grocery,85 Graham Ave,Brooklyn,NY,11206,3323,Kings,East Williamsburg,(718) 384-9230,445110,Supermarkets/Other Grocery (Exc Convenience) Strs,,1 to 4,3,"$500,000-1 Million","$795,000 ",Single Loc,201407,9,,"0 - 2,499",0 - 1 Pcs,"$10,000 to $25,000","$10,000 to $25,000",3,49100,Verified
Asia Food Corp,1146 Fulton St,Brooklyn,NY,11216,1808,Kings,Bedford-Stuyvesant,(718) 857-0820,445110,Supermarkets/Other Grocery (Exc Convenience) Strs,,10 to 19,15,$2.5-5 Million,"$3,975,000 ",Single Loc,201403,31,1970,"2,500 - 9,999",0 - 1 Pcs,"$100,000 to $250,000","$50,000 to $100,000",2,22700,Verified
Asian Bok Choi,612 Grand St,Brooklyn,NY,11211,4802,Kings,East Williamsburg,(718) 387-9888,722511,Full-Service Restaurants,,10 to 19,10,"$500,000-1 Million","$674,000 ",Single Loc,201408,10,2005,"2,500 - 9,999",,"$25,000 to $50,000","$10,000 to $25,000",2,50300,Verified
Asian Grocery,1510 Cortelyou Rd,Brooklyn,NY,11226,5608,Kings,Flatbush,(718) 282-3750,445110,Supermarkets/Other Grocery (Exc Convenience) Strs,,1 to 4,2,"$500,000-1 Million","$530,000 ",Single Loc,201408,8,,"0 - 2,499",0 - 1 Pcs,"$10,000 to $25,000","$5,000 to $10,000",1,52000,Verified
Aspava Inc,8320 5th Ave,Brooklyn,NY,11209,4568,Kings,Bay Ridge,(718) 833-2242,445110,Supermarkets/Other Grocery (Exc Convenience) Strs,,1 to 4,3,"$500,000-1 Million","$795,000 ",Single Loc,201402,2,,"0 - 2,499",,"$10,000 to $25,000","$10,000 to $25,000",2,13800,Verified
Associated Supermarket,52 Arlington Ave,Brooklyn,NY,11207,2226,Kings,Cypress Hills,(718) 235-0444,445110,Supermarkets/Other Grocery (Exc Convenience) Strs,Associated Supermarket,10 to 19,10,$2.5-5 Million,"$2,650,000 ",Branch,201408,7,,"2,500 - 9,999",0 - 1 Pcs,"$50,000 to $100,000","$25,000 to $50,000",2,114600,Verified
Associated Supermarket,97 Avenue O,Brooklyn,NY,11204,6542,Kings,Bensonhurst,(718) 236-6959,445110,Supermarkets/Other Grocery (Exc Convenience) Strs,Associated Supermarket,5 to 9,6,$1-2.5 Million,"$1,590,000 ",Branch,201408,28,,"0 - 2,499",0 - 1 Pcs,"$25,000 to $50,000","$10,000 to $25,000",3,43200,Verified
Associated Supermarket,1413 Avenue J,Brooklyn,NY,11230,3701,Kings,Midwood,(718) 253-3500,445110,Supermarkets/Other Grocery (Exc Convenience) Strs,Associated Supermarket,1 to 4,4,$1-2.5 Million,"$1,060,000 ",Branch,201408,24,,"0 - 2,499",0 - 1 Pcs,"$25,000 to $50,000","$10,000 to $25,000",1,53000,Verified
Associated Supermarket,7804 20th Ave,Brooklyn,NY,11214,1208,Kings,Bensonhurst,(718) 331-9873,445110,Supermarkets/Other Grocery (Exc Convenience) Strs,Associated Supermarket,1 to 4,2,"$500,000-1 Million","$530,000 ",Branch,201407,4,,"0 - 2,499",0 - 1 Pcs,"$10,000 to $25,000","$5,000 to $10,000",1,27400,Verified
Associated Supermarket,103 Hegeman Ave,Brooklyn,NY,11212,5146,Kings,Brownsville,(718) 342-1395,445110,Supermarkets/Other Grocery (Exc Convenience) Strs,Associated Supermarket,1 to 4,3,"$500,000-1 Million","$795,000 ",Branch,201408,9,,"0 - 2,499",0 - 1 Pcs,"$10,000 to $25,000","$10,000 to $25,000",3,91600,Verified
Associated Supermarket,2323 86th St,Brooklyn,NY,11214,4309,Kings,Gravesend,(718) 372-0410,445110,Supermarkets/Other Grocery (Exc Convenience) Strs,Associated Supermarket,10 to 19,14,$2.5-5 Million,"$3,710,000 ",Branch,201404,19,,"2,500 - 9,999",0 - 1 Pcs,"$50,000 to $100,000","$25,000 to $50,000",3,29800,Verified
Associated Supermarket,480 Avenue P,Brooklyn,NY,11223,2002,Kings,Gravesend,(718) 375-6815,445110,Supermarkets/Other Grocery (Exc Convenience) Strs,Associated Supermarket,5 to 9,8,$1-2.5 Million,"$2,120,000 ",Branch,201408,31,,"2,500 - 9,999",,"$50,000 to $100,000","$25,000 to $50,000",1,42200,Verified
Associated Supermarket,802 Manhattan Ave,Brooklyn,NY,11222,2711,Kings,Greenpoint,(718) 383-7973,445110,Supermarkets/Other Grocery (Exc Convenience) Strs,,20 to 49,40,$10-20 Million,"$10,602,000 ",Branch,201405,31,1980,"2,500 - 9,999",2 - 9 Pcs,"$250,000 to $500,000","Over $100,000",3,56100,Verified
Associated Supermarket,256 Livonia Ave,Brooklyn,NY,11212,5940,Kings,Brownsville,(718) 385-3020,445110,Supermarkets/Other Grocery (Exc Convenience) Strs,Associated Supermarket,5 to 9,8,$1-2.5 Million,"$2,120,000 ",Branch,201408,15,,"2,500 - 9,999",0 - 1 Pcs,"$50,000 to $100,000","$25,000 to $50,000",1,91800,Verified
Associated Supermarket,639 Grand St,Brooklyn,NY,11211,4803,Kings,Williamsburg,(718) 388-6938,445110,Supermarkets/Other Grocery (Exc Convenience) Strs,,5 to 9,9,$1-2.5 Million,"$2,385,000 ",Branch,201408,31,,"2,500 - 9,999",0 - 1 Pcs,"$50,000 to $100,000","$25,000 to $50,000",1,50300,Verified
Associated Supermarket,1125 Fulton St # 4,Brooklyn,NY,11238,2669,Kings,Bedford-Stuyvesant,(718) 398-2700,445110,Supermarkets/Other Grocery (Exc Convenience) Strs,,10 to 19,11,$2.5-5 Million,"$2,915,000 ",Branch,201408,6,,"2,500 - 9,999",0 - 1 Pcs,"$50,000 to $100,000","$25,000 to $50,000",4,22700,Verified
Associated Supermarket,1291 Broadway,Brooklyn,NY,11221,2999,Kings,Bushwick,(718) 443-7913,445110,Supermarkets/Other Grocery (Exc Convenience) Strs,Associated Supermarket,10 to 19,15,$2.5-5 Million,"$3,975,000 ",Branch,201408,31,,"2,500 - 9,999",0 - 1 Pcs,"$100,000 to $250,000","$50,000 to $100,000",2,39500,Verified
Associated Supermarket,229 Knickerbocker Ave,Brooklyn,NY,11237,2401,Kings,Bushwick,(718) 456-5298,445110,Supermarkets/Other Grocery (Exc Convenience) Strs,Associated Supermarket,10 to 19,15,$2.5-5 Million,"$3,975,000 ",Branch,201310,9,2004,"2,500 - 9,999",2 - 9 Pcs,"$100,000 to $250,000","$50,000 to $100,000",1,42700,Verified
Associated Supermarket,2720 Church Ave,Brooklyn,NY,11226,4105,Kings,Flatbush,(718) 462-9010,445110,Supermarkets/Other Grocery (Exc Convenience) Strs,Associated Supermarket,10 to 19,15,$2.5-5 Million,"$3,975,000 ",Branch,201408,11,,"2,500 - 9,999",0 - 1 Pcs,"$100,000 to $250,000","$50,000 to $100,000",4,82400,Verified
Associated Supermarket,301 Marcus Garvey Blvd,Brooklyn,NY,11221,1114,Kings,Bedford-Stuyvesant,(718) 574-3616,445110,Supermarkets/Other Grocery (Exc Convenience) Strs,,5 to 9,5,$1-2.5 Million,"$1,325,000 ",Branch,201310,7,,"0 - 2,499",0 - 1 Pcs,"$25,000 to $50,000","$10,000 to $25,000",1,27700,Verified
Associated Supermarket,5009 6th Ave,Brooklyn,NY,11220,2007,Kings,Sunset Park,(718) 633-4886,445110,Supermarkets/Other Grocery (Exc Convenience) Strs,Associated Supermarket,10 to 19,15,$2.5-5 Million,"$3,975,000 ",Branch,201408,12,,"2,500 - 9,999",0 - 1 Pcs,"$100,000 to $250,000","$50,000 to $100,000",3,9800,Verified
Associated Supermarket,367 Waverly Ave,Brooklyn,NY,11238,1103,Kings,Clinton Hill,(718) 638-5454,445110,Supermarkets/Other Grocery (Exc Convenience) Strs,Associated Supermarket,20 to 49,27,$5-10 Million,"$7,156,000 ",Branch,201405,31,,"2,500 - 9,999",2 - 9 Pcs,"$100,000 to $250,000","$50,000 to $100,000",3,19700,Verified
Associated Supermarket,1380 Pennsylvania Ave,Brooklyn,NY,11239,2103,Kings,Starrett City,(718) 642-1608,445110,Supermarkets/Other Grocery (Exc Convenience) Strs,Associated Supermarket,100 to 249,100,$20-50 Million,"$26,505,000 ",Branch,201408,11,,"40,000+",,"Over $500,000","Over $100,000",4,105804,Verified
Associated Supermarket,2578 Pitkin Ave,Brooklyn,NY,11208,2553,Kings,East New York,(718) 647-6277,445110,Supermarkets/Other Grocery (Exc Convenience) Strs,Associated Supermarket,5 to 9,6,$1-2.5 Million,"$1,590,000 ",Branch,201403,15,,"0 - 2,499",0 - 1 Pcs,"$25,000 to $50,000","$10,000 to $25,000",1,119400,Verified
Associated Supermarket,650 Flatbush Ave,Brooklyn,NY,11225,5606,Kings,Prospect Lefferts Gardens,(718) 703-1650,445110,Supermarkets/Other Grocery (Exc Convenience) Strs,Associated Supermarket,10 to 19,13,$2.5-5 Million,"$3,445,000 ",Branch,201408,16,,"2,500 - 9,999",0 - 1 Pcs,"$50,000 to $100,000","$25,000 to $50,000",3,79802,Verified
Associated Supermarket,7918 3rd Ave,Brooklyn,NY,11209,3602,Kings,Bay Ridge,(718) 745-0775,445110,Supermarkets/Other Grocery (Exc Convenience) Strs,Associated Supermarket,5 to 9,7,$1-2.5 Million,"$1,855,000 ",Branch,201408,31,,"2,500 - 9,999",0 - 1 Pcs,"$25,000 to $50,000","$10,000 to $25,000",2,6400,Verified
Associated Supermarket,905 Franklin Ave,Brooklyn,NY,11225,2005,Kings,Crown Heights,(718) 756-3069,445110,Supermarkets/Other Grocery (Exc Convenience) Strs,Associated Supermarket,10 to 19,10,$2.5-5 Million,"$2,650,000 ",Branch,201408,13,,"2,500 - 9,999",0 - 1 Pcs,"$50,000 to $100,000","$25,000 to $50,000",2,32500,Verified
Associated Supermarket,1038 Rutland Rd,Brooklyn,NY,11212,2943,Kings,East Flatbush,(718) 773-7330,445110,Supermarkets/Other Grocery (Exc Convenience) Strs,Associated Supermarket,5 to 9,5,$1-2.5 Million,"$1,325,000 ",Branch,201408,31,,"0 - 2,499",0 - 1 Pcs,"$25,000 to $50,000","$10,000 to $25,000",2,88400,Verified
Associated Supermarket,243 Schenectady Ave,Brooklyn,NY,11213,3926,Kings,Crown Heights,(718) 774-3818,445110,Supermarkets/Other Grocery (Exc Convenience) Strs,Associated Supermarket,5 to 9,6,$1-2.5 Million,"$1,590,000 ",Branch,201408,24,,"0 - 2,499",0 - 1 Pcs,"$25,000 to $50,000","$10,000 to $25,000",1,35100,Verified
Associated Supermarket,1888 Fulton St,Brooklyn,NY,11233,3025,Kings,Bedford-Stuyvesant,(718) 778-8665,445110,Supermarkets/Other Grocery (Exc Convenience) Strs,Associated Supermarket,10 to 19,14,$2.5-5 Million,"$3,710,000 ",Branch,201402,17,,"2,500 - 9,999",0 - 1 Pcs,"$50,000 to $100,000","$25,000 to $50,000",1,29900,Verified
Associated Supermarket,216 5th Ave,Brooklyn,NY,11215,7723,Kings,Park Slope,(718) 789-4499,445110,Supermarkets/Other Grocery (Exc Convenience) Strs,Associated Supermarket,10 to 19,15,$2.5-5 Million,"$3,975,000 ",Branch,201408,9,,"2,500 - 9,999",0 - 1 Pcs,"$100,000 to $250,000","$50,000 to $100,000",1,13300,Verified
Associated Supermarket,492 Myrtle Ave,Brooklyn,NY,11205,2606,Kings,Clinton Hill,(718) 857-5579,445110,Supermarkets/Other Grocery (Exc Convenience) Strs,,20 to 49,21,$5-10 Million,"$5,566,000 ",Branch,201408,19,,"2,500 - 9,999",2 - 9 Pcs,"$100,000 to $250,000","$50,000 to $100,000",4,19300,Verified
Associated Supermarket,975 Nostrand Ave,Brooklyn,NY,11225,2906,Kings,Crown Heights,(718) 953-4262,445110,Supermarkets/Other Grocery (Exc Convenience) Strs,Associated Supermarket,10 to 19,15,$2.5-5 Million,"$3,975,000 ",Branch,201408,4,,"2,500 - 9,999",0 - 1 Pcs,"$100,000 to $250,000","$50,000 to $100,000",3,31900,Verified
Athens Market Inc,8316 3rd Ave,Brooklyn,NY,11209,4403,Kings,Bay Ridge,(718) 238-0741,445110,Supermarkets/Other Grocery (Exc Convenience) Strs,,1 to 4,2,"$500,000-1 Million","$530,000 ",Single Loc,201405,4,,"0 - 2,499",,"$10,000 to $25,000","$5,000 to $10,000",3,6200,Verified
Atin Inc,2283 65th St # B,Brooklyn,NY,11204,4098,Kings,Mapleton,(718) 837-7604,445110,Supermarkets/Other Grocery (Exc Convenience) Strs,,1 to 4,2,"$500,000-1 Million","$530,000 ",Single Loc,201408,19,,"0 - 2,499",0 - 1 Pcs,"$10,000 to $25,000","$5,000 to $10,000",2,43600,Verified
Aupetit Marche,952 Nostrand Ave,Brooklyn,NY,11225,3001,Kings,Crown Heights,(718) 773-7275,445110,Supermarkets/Other Grocery (Exc Convenience) Strs,,1 to 4,2,"$500,000-1 Million","$530,000 ",Single Loc,201402,31,,"0 - 2,499",0 - 1 Pcs,"$10,000 to $25,000","$5,000 to $10,000",3,32100,Verified
Ave D Grocery Inc,1844 Nostrand Ave,Brooklyn,NY,11226,7921,Kings,Flatbush,(718) 284-2290,445110,Supermarkets/Other Grocery (Exc Convenience) Strs,,5 to 9,6,$1-2.5 Million,"$1,590,000 ",Single Loc,201405,3,,"0 - 2,499",,"$25,000 to $50,000","$10,000 to $25,000",1,82800,Verified
Avenue Cafe & Deli,307 7th Ave,Brooklyn,NY,11215,3603,Kings,Central Slope,(718) 832-0218,722511,Full-Service Restaurants,,1 to 4,2,"Less Than $500,000","$134,000 ",Single Loc,201408,13,,"0 - 2,499",0 - 1 Pcs,"Less than $10,000","$2,000 to $5,000",2,15300,Verified
Avenue R Mini Mart,2924 Avenue R,Brooklyn,NY,11229,2524,Kings,Sheepshead Bay,(718) 336-2644,445110,Supermarkets/Other Grocery (Exc Convenience) Strs,,1 to 4,3,"$500,000-1 Million","$795,000 ",Single Loc,201408,7,,"0 - 2,499",,"$10,000 to $25,000","$10,000 to $25,000",2,56400,Verified
Avenue S Mini Market,802 Avenue S,Brooklyn,NY,11223,3244,Kings,Sheepshead Bay,(718) 998-5884,445120,Convenience Stores,,5 to 9,6,$1-2.5 Million,"$1,590,000 ",Single Loc,201408,21,1985,"0 - 2,499",0 - 1 Pcs,"$25,000 to $50,000","$10,000 to $25,000",1,41600,Verified
Avi Glatt,807 Avenue U,Brooklyn,NY,11223,4135,Kings,Sheepshead Bay,(718) 947-1000,454113,Mail-Order Houses,,5 to 9,7,$5-10 Million,"$5,222,000 ",Single Loc,201406,18,,"10,000 - 39,999",2 - 9 Pcs,"$250,000 to $500,000","$10,000 to $25,000",1,39400,Verified
B & B Deli Grocery,181 Macdougal St,Brooklyn,NY,11233,6217,Kings,Ocean Hill,(347) 663-1417,445110,Supermarkets/Other Grocery (Exc Convenience) Strs,,1 to 4,3,"$500,000-1 Million","$795,000 ",Single Loc,201408,4,,"0 - 2,499",0 - 1 Pcs,"$10,000 to $25,000","$10,000 to $25,000",3,37100,Verified
B & B Food Market,78 Lee Ave,Brooklyn,NY,11211,1876,Kings,Williamsburg,(718) 384-3935,445110,Supermarkets/Other Grocery (Exc Convenience) Strs,,1 to 4,3,"$500,000-1 Million","$795,000 ",Single Loc,201402,31,,"0 - 2,499",0 - 1 Pcs,"$10,000 to $25,000","$10,000 to $25,000",2,53500,Verified
B & B Mini Market,311 Neptune Ave,Brooklyn,NY,11235,6844,Kings,Brighton Beach,(718) 743-1287,445110,Supermarkets/Other Grocery (Exc Convenience) Strs,,1 to 4,3,"$500,000-1 Million","$795,000 ",Single Loc,201408,7,,"0 - 2,499",0 - 1 Pcs,"$10,000 to $25,000","$10,000 to $25,000",2,36600,Verified
B & H Food Market Inc,185 7th Ave,Brooklyn,NY,11215,2610,Kings,Park Slope,(718) 768-4992,445110,Supermarkets/Other Grocery (Exc Convenience) Strs,,5 to 9,5,$1-2.5 Million,"$1,325,000 ",Single Loc,201408,31,,"0 - 2,499",0 - 1 Pcs,"$25,000 to $50,000","$10,000 to $25,000",1,15500,Verified
B & K Deli & Grocery,7324 6th Ave,Brooklyn,NY,11209,2608,Kings,Bay Ridge,(718) 748-1766,445110,Supermarkets/Other Grocery (Exc Convenience) Strs,,5 to 9,7,$1-2.5 Million,"$1,855,000 ",Single Loc,201408,31,,"2,500 - 9,999",0 - 1 Pcs,"$25,000 to $50,000","$10,000 to $25,000",3,13400,Verified
B & M Prepared Foods,54 Avenue O,Brooklyn,NY,11204,6361,Kings,Bensonhurst,(718) 256-0667,445110,Supermarkets/Other Grocery (Exc Convenience) Strs,,1 to 4,3,"$500,000-1 Million","$795,000 ",Single Loc,201405,6,,"0 - 2,499",0 - 1 Pcs,"$10,000 to $25,000","$10,000 to $25,000",2,43000,Verified
B & N Food Corp,152 Albany Ave,Brooklyn,NY,11213,2158,Kings,Crown Heights,(917) 893-8666,445110,Supermarkets/Other Grocery (Exc Convenience) Strs,,1 to 4,3,"$500,000-1 Million","$795,000 ",Single Loc,201408,2,,"0 - 2,499",,"$10,000 to $25,000","$10,000 to $25,000",2,31100,Verified
B & Q Grocery Store,2766 Pitkin Ave,Brooklyn,NY,11208,3219,Kings,City Line,(718) 484-8606,445110,Supermarkets/Other Grocery (Exc Convenience) Strs,,1 to 4,3,"$500,000-1 Million","$795,000 ",Single Loc,201408,4,,"0 - 2,499",0 - 1 Pcs,"$10,000 to $25,000","$10,000 to $25,000",1,120000,Verified
B & R Foods Inc,7904 16th Ave,Brooklyn,NY,11214,1602,Kings,Bensonhurst,(718) 236-0482,445110,Supermarkets/Other Grocery (Exc Convenience) Strs,,1 to 4,2,"$500,000-1 Million","$530,000 ",Single Loc,201408,20,,"0 - 2,499",0 - 1 Pcs,"$10,000 to $25,000","$5,000 to $10,000",1,18600,Verified
B & W Grocery Corp,510 Riverdale Ave,Brooklyn,NY,11207,6168,Kings,East New York,(718) 485-1637,445110,Supermarkets/Other Grocery (Exc Convenience) Strs,,1 to 4,3,"$500,000-1 Million","$795,000 ",Single Loc,201403,17,,"0 - 2,499",0 - 1 Pcs,"$10,000 to $25,000","$10,000 to $25,000",3,113000,Verified
B B K Market,899 Manhattan Ave,Brooklyn,NY,11222,0,Kings,,(718) 389-1573,445110,Supermarkets/Other Grocery (Exc Convenience) Strs,,1 to 4,3,"$500,000-1 Million","$795,000 ",Single Loc,201407,4,,"0 - 2,499",0 - 1 Pcs,"$10,000 to $25,000","$10,000 to $25,000",3,57300,Verified
B C Grocery,305 Throop Ave,Brooklyn,NY,11206,7127,Kings,Bedford-Stuyvesant,(718) 919-0241,445110,Supermarkets/Other Grocery (Exc Convenience) Strs,,1 to 4,3,"$500,000-1 Million","$795,000 ",Single Loc,201408,5,,"0 - 2,499",0 - 1 Pcs,"$10,000 to $25,000","$10,000 to $25,000",3,28100,Verified
B D Food Supermarket,510 7th Ave,Brooklyn,NY,11215,6128,Kings,Park Slope,(718) 499-9784,445110,Supermarkets/Other Grocery (Exc Convenience) Strs,,1 to 4,3,"$500,000-1 Million","$795,000 ",Single Loc,201408,5,,"0 - 2,499",0 - 1 Pcs,"$10,000 to $25,000","$10,000 to $25,000",4,14900,Verified
B F Food Ctr Corp,1861 Pitkin Ave,Brooklyn,NY,11212,7801,Kings,Brownsville,(718) 676-0533,445110,Supermarkets/Other Grocery (Exc Convenience) Strs,,1 to 4,3,"$500,000-1 Million","$795,000 ",Single Loc,201408,4,,"0 - 2,499",0 - 1 Pcs,"$10,000 to $25,000","$10,000 to $25,000",1,90800,Verified
B Grocery & Deli Corp,964 Belmont Ave # 1,Brooklyn,NY,11208,2716,Kings,City Line,(718) 827-0338,722511,Full-Service Restaurants,,10 to 19,10,"$500,000-1 Million","$674,000 ",Single Loc,201408,8,,"2,500 - 9,999",0 - 1 Pcs,"$25,000 to $50,000","$10,000 to $25,000",4,119600,Verified
B Papa Mini Market Corp,689 Ralph Ave,Brooklyn,NY,11212,3833,Kings,Brownsville,(718) 467-1555,445110,Supermarkets/Other Grocery (Exc Convenience) Strs,,1 to 4,2,"$500,000-1 Million","$530,000 ",Single Loc,201408,2,,"0 - 2,499",,"$10,000 to $25,000","$5,000 to $10,000",6,90000,Verified
B Town Supermarket Inc,4214 10th Ave,Brooklyn,NY,11219,1238,Kings,Borough Park,(718) 708-6400,445110,Supermarkets/Other Grocery (Exc Convenience) Strs,,1 to 4,1,"Less Than $500,000","$265,000 ",Single Loc,201408,7,,"0 - 2,499",0 - 1 Pcs,"Less than $10,000","$2,000 to $5,000",4,11200,Verified
B W Grocery USA Inc,4621 7th Ave,Brooklyn,NY,11220,1412,Kings,Sunset Park,(718) 686-0669,445110,Supermarkets/Other Grocery (Exc Convenience) Strs,,1 to 4,3,"$500,000-1 Million","$795,000 ",Single Loc,201402,5,,"0 - 2,499",0 - 1 Pcs,"$10,000 to $25,000","$10,000 to $25,000",2,9400,Verified
Back To The Land,142 7th Ave # A,Brooklyn,NY,11215,2274,Kings,North Slope,(718) 768-5654,445110,Supermarkets/Other Grocery (Exc Convenience) Strs,,20 to 49,40,$10-20 Million,"$10,602,000 ",Single Loc,201408,17,,"2,500 - 9,999",2 - 9 Pcs,"$250,000 to $500,000","Over $100,000",3,15700,Verified
Bai Shaki Grocery,209 Cortelyou Rd,Brooklyn,NY,11218,4511,Kings,Kensington,(718) 484-7300,445110,Supermarkets/Other Grocery (Exc Convenience) Strs,,1 to 4,3,"$500,000-1 Million","$795,000 ",Single Loc,201311,4,,"0 - 2,499",0 - 1 Pcs,"$10,000 to $25,000","$10,000 to $25,000",2,48800,Verified
Bakalava Inc,2741 Ocean Ave,Brooklyn,NY,11229,4707,Kings,Sheepshead Bay,(718) 891-0300,445110,Supermarkets/Other Grocery (Exc Convenience) Strs,,5 to 9,6,$1-2.5 Million,"$1,590,000 ",Single Loc,201408,7,,"0 - 2,499",0 - 1 Pcs,"$25,000 to $50,000","$10,000 to $25,000",6,59401,Verified
Bangla Bazar,63 Church Ave,Brooklyn,NY,11218,3718,Kings,Borough Park,(718) 686-1070,445110,Supermarkets/Other Grocery (Exc Convenience) Strs,,1 to 4,3,"$500,000-1 Million","$795,000 ",Single Loc,201405,5,,"0 - 2,499",0 - 1 Pcs,"$10,000 to $25,000","$10,000 to $25,000",3,49600,Verified
Bangla Supermarket,1211 Liberty Ave,Brooklyn,NY,11208,3411,Kings,City Line,(718) 277-1875,445110,Supermarkets/Other Grocery (Exc Convenience) Strs,,1 to 4,3,"$500,000-1 Million","$795,000 ",Single Loc,201408,8,,"0 - 2,499",0 - 1 Pcs,"$10,000 to $25,000","$10,000 to $25,000",1,118800,Verified
Bani Grocery,1121 Greene Ave,Brooklyn,NY,11221,3890,Kings,Bushwick,(347) 406-9939,445110,Supermarkets/Other Grocery (Exc Convenience) Strs,,1 to 4,3,"$500,000-1 Million","$795,000 ",Single Loc,201310,6,,"0 - 2,499",0 - 1 Pcs,"$10,000 to $25,000","$10,000 to $25,000",1,39500,Verified
Banyan City Grocery Store,5111 7th Ave,Brooklyn,NY,11220,2806,Kings,Sunset Park,(718) 438-3929,445110,Supermarkets/Other Grocery (Exc Convenience) Strs,,1 to 4,3,"$500,000-1 Million","$795,000 ",Single Loc,201407,8,,"0 - 2,499",0 - 1 Pcs,"$10,000 to $25,000","$10,000 to $25,000",3,10800,Verified
Bari Pork Store Inc,6319 18th Ave,Brooklyn,NY,11204,2904,Kings,Mapleton,(718) 837-9773,722511,Full-Service Restaurants,,1 to 4,1,"Less Than $500,000","$67,000 ",Single Loc,201408,6,1984,"0 - 2,499",0 - 1 Pcs,"Less than $10,000","$2,000 to $5,000",1,24800,Verified
Barrons Groceries,9 Bay 50th St,Brooklyn,NY,11214,6916,Kings,Gravesend,(718) 265-0206,445110,Supermarkets/Other Grocery (Exc Convenience) Strs,,1 to 4,3,"$500,000-1 Million","$795,000 ",Single Loc,201408,3,,"0 - 2,499",2 - 9 Pcs,"$10,000 to $25,000","$10,000 to $25,000",1,30800,Verified
Basics Food Ctr,2185 Coyle St,Brooklyn,NY,11229,5120,Kings,Sheepshead Bay,(718) 891-0152,445110,Supermarkets/Other Grocery (Exc Convenience) Strs,,10 to 19,12,$2.5-5 Million,"$3,180,000 ",Single Loc,201408,9,,"2,500 - 9,999",0 - 1 Pcs,"$50,000 to $100,000","$25,000 to $50,000",2,62600,Verified
Bath Avenue Grocery Corp,2171 Bath Ave,Brooklyn,NY,11214,5007,Kings,Bath Beach,(718) 946-9646,445110,Supermarkets/Other Grocery (Exc Convenience) Strs,,1 to 4,2,"$500,000-1 Million","$530,000 ",Single Loc,201408,8,,"0 - 2,499",0 - 1 Pcs,"$10,000 to $25,000","$5,000 to $10,000",2,29200,Verified
Bay Parkway Grocery,8511 Bay Pkwy,Brooklyn,NY,11214,4103,Kings,Gravesend,(718) 234-5545,445110,Supermarkets/Other Grocery (Exc Convenience) Strs,,1 to 4,2,"$500,000-1 Million","$530,000 ",Single Loc,201408,8,,"0 - 2,499",0 - 1 Pcs,"$10,000 to $25,000","$5,000 to $10,000",2,29600,Verified
Bay Ridge Intl Food,7217 3rd Ave,Brooklyn,NY,11209,2132,Kings,Bay Ridge,(718) 921-5496,445110,Supermarkets/Other Grocery (Exc Convenience) Strs,,1 to 4,3,"$500,000-1 Million","$795,000 ",Single Loc,201408,7,,"0 - 2,499",0 - 1 Pcs,"$10,000 to $25,000","$10,000 to $25,000",1,6600,Verified
Bayridge Grocery,8118 5th Ave,Brooklyn,NY,11209,4103,Kings,Bay Ridge,(718) 836-2272,722511,Full-Service Restaurants,,1 to 4,3,"Less Than $500,000","$202,000 ",Single Loc,201408,31,1984,"0 - 2,499",0 - 1 Pcs,"$10,000 to $25,000","$5,000 to $10,000",1,13800,Verified
Becky Grocery Corp,22 Rockaway Ave,Brooklyn,NY,11233,2508,Kings,Ocean Hill,(718) 919-0694,445110,Supermarkets/Other Grocery (Exc Convenience) Strs,,1 to 4,3,"$500,000-1 Million","$795,000 ",Single Loc,201408,13,,"0 - 2,499",0 - 1 Pcs,"$10,000 to $25,000","$10,000 to $25,000",2,37300,Verified
Bedford Garden Supermarket,104 Ross St # A,Brooklyn,NY,11249,7673,Kings,Williamsburg,(718) 387-2173,445110,Supermarkets/Other Grocery (Exc Convenience) Strs,,5 to 9,5,$1-2.5 Million,"$1,325,000 ",Single Loc,201408,3,,"0 - 2,499",2 - 9 Pcs,"$25,000 to $50,000","$10,000 to $25,000",2,53900,Verified
Bedford Grocery Deli Corp,1043 Bedford Ave # 1,Brooklyn,NY,11216,4727,Kings,Bedford-Stuyvesant,(718) 230-5470,445110,Supermarkets/Other Grocery (Exc Convenience) Strs,,1 to 4,3,"$500,000-1 Million","$795,000 ",Single Loc,201408,7,,"0 - 2,499",0 - 1 Pcs,"$10,000 to $25,000","$10,000 to $25,000",1,24300,Verified
Beggie Fruit Grocery Inc,367 S 4th St,Brooklyn,NY,11211,6514,Kings,Williamsburg,(718) 599-4130,445110,Supermarkets/Other Grocery (Exc Convenience) Strs,,1 to 4,3,"$500,000-1 Million","$795,000 ",Single Loc,201408,8,,"0 - 2,499",0 - 1 Pcs,"$10,000 to $25,000","$10,000 to $25,000",2,52700,Verified
Belka Deli Intl Food Inc,8319 20th Ave,Brooklyn,NY,11214,3001,Kings,Bensonhurst,(718) 373-2873,445110,Supermarkets/Other Grocery (Exc Convenience) Strs,,1 to 4,3,"$500,000-1 Million","$795,000 ",Single Loc,201408,4,,"0 - 2,499",0 - 1 Pcs,"$10,000 to $25,000","$10,000 to $25,000",1,28800,Verified
Belmont Grocery,913 Belmont Ave,Brooklyn,NY,11208,2523,Kings,East New York,(718) 484-3957,445110,Supermarkets/Other Grocery (Exc Convenience) Strs,,1 to 4,3,"$500,000-1 Million","$795,000 ",Single Loc,201408,3,,"0 - 2,499",,"$10,000 to $25,000","$10,000 to $25,000",1,119400,Verified
Belrock Deli & Grocery,2 Belmont Ave,Brooklyn,NY,11212,6444,Kings,Brownsville,(718) 342-0400,445110,Supermarkets/Other Grocery (Exc Convenience) Strs,,1 to 4,3,"$500,000-1 Million","$795,000 ",Single Loc,201408,2,,"0 - 2,499",,"$10,000 to $25,000","$10,000 to $25,000",2,90600,Verified
Bengal Supermarket Inc,130 Cortelyou Rd,Brooklyn,NY,11218,4510,Kings,Kensington,(718) 552-2231,445110,Supermarkets/Other Grocery (Exc Convenience) Strs,,1 to 4,3,"$500,000-1 Million","$795,000 ",Single Loc,201408,2,,"0 - 2,499",,"$10,000 to $25,000","$10,000 to $25,000",2,48600,Verified
Bensonhurst Grocery Corp,1702 86th St,Brooklyn,NY,11214,2818,Kings,Bath Beach,(347) 275-6999,445110,Supermarkets/Other Grocery (Exc Convenience) Strs,,1 to 4,1,"Less Than $500,000","$265,000 ",Single Loc,201408,4,,"0 - 2,499",,"Less than $10,000","$2,000 to $5,000",1,17800,Verified
Best Buy Intl Food,409 Brighton Beach Ave,Brooklyn,NY,11235,6401,Kings,Brighton Beach,(718) 676-5104,445110,Supermarkets/Other Grocery (Exc Convenience) Strs,,1 to 4,3,"$500,000-1 Million","$795,000 ",Single Loc,201408,4,,"0 - 2,499",0 - 1 Pcs,"$10,000 to $25,000","$10,000 to $25,000",2,36200,Verified
Best Deli Grocery Corp,671 Bushwick Ave,Brooklyn,NY,11221,2781,Kings,Bushwick,(718) 455-0141,445110,Supermarkets/Other Grocery (Exc Convenience) Strs,,1 to 4,3,"$500,000-1 Million","$795,000 ",Single Loc,201408,4,,"0 - 2,499",0 - 1 Pcs,"$10,000 to $25,000","$10,000 to $25,000",2,39100,Verified
Best Evergreen,970 Coney Island Ave,Brooklyn,NY,11230,1403,Kings,Kensington,(718) 484-4857,445110,Supermarkets/Other Grocery (Exc Convenience) Strs,,5 to 9,5,$1-2.5 Million,"$1,325,000 ",Single Loc,201408,2,,"0 - 2,499",,"$25,000 to $50,000","$10,000 to $25,000",2,48200,Verified
Best Fresh Supermarket Inc,6719 Bay Pkwy,Brooklyn,NY,11204,4735,Kings,Bensonhurst,(718) 256-0010,445110,Supermarkets/Other Grocery (Exc Convenience) Strs,,1 to 4,3,"$500,000-1 Million","$795,000 ",Single Loc,201408,3,,"0 - 2,499",,"$10,000 to $25,000","$10,000 to $25,000",1,43000,Verified
Best Town Grocery Inc,3522 Clarendon Rd,Brooklyn,NY,11203,5102,Kings,East Flatbush,(718) 284-5322,445110,Supermarkets/Other Grocery (Exc Convenience) Strs,,1 to 4,4,$1-2.5 Million,"$1,060,000 ",Single Loc,201408,14,,"0 - 2,499",0 - 1 Pcs,"$25,000 to $50,000","$10,000 to $25,000",2,83200,Verified
Best Way Food,6928 5th Ave,Brooklyn,NY,11209,1507,Kings,Bay Ridge,(718) 745-0314,445110,Supermarkets/Other Grocery (Exc Convenience) Strs,,1 to 4,1,"Less Than $500,000","$265,000 ",Single Loc,201408,31,,"0 - 2,499",0 - 1 Pcs,"Less than $10,000","$2,000 to $5,000",4,13000,Verified
Betel Grocery,187 York St,Brooklyn,NY,11201,1508,Kings,Vinegar Hill,(718) 246-8115,445110,Supermarkets/Other Grocery (Exc Convenience) Strs,,1 to 4,3,"$500,000-1 Million","$795,000 ",Single Loc,201408,2,,"0 - 2,499",,"$10,000 to $25,000","$10,000 to $25,000",3,2100,Verified
Betel's Deli Inc,22 Avenue O,Brooklyn,NY,11204,6075,Kings,Bensonhurst,(718) 621-2113,445110,Supermarkets/Other Grocery (Exc Convenience) Strs,,1 to 4,2,"$500,000-1 Million","$530,000 ",Single Loc,201408,9,2004,"0 - 2,499",0 - 1 Pcs,"$10,000 to $25,000","$5,000 to $10,000",3,43000,Verified
Better Class Foods Inc,41 Belmont Ave,Brooklyn,NY,11212,6403,Kings,Brownsville,(718) 385-3947,445210,Meat Markets,,1 to 4,4,"$500,000-1 Million","$863,000 ",Single Loc,201403,4,,"0 - 2,499",0 - 1 Pcs,"$10,000 to $25,000","$10,000 to $25,000",2,90600,Verified
Beverly Grocery Inc,4502 8th Ave,Brooklyn,NY,11220,1673,Kings,Sunset Park,(718) 439-5878,445110,Supermarkets/Other Grocery (Exc Convenience) Strs,,1 to 4,3,"$500,000-1 Million","$795,000 ",Single Loc,201408,3,,"0 - 2,499",,"$10,000 to $25,000","$10,000 to $25,000",3,9400,Verified
BFV Deli Grocery,390 Crescent St,Brooklyn,NY,11208,2840,Kings,East New York,(347) 240-1296,445110,Supermarkets/Other Grocery (Exc Convenience) Strs,,1 to 4,3,"$500,000-1 Million","$795,000 ",Single Loc,201403,4,,"0 - 2,499",0 - 1 Pcs,"$10,000 to $25,000","$10,000 to $25,000",1,119000,Verified
Bh Food Corp,1914 53rd St,Brooklyn,NY,11204,1743,Kings,Mapleton,(718) 258-2884,445110,Supermarkets/Other Grocery (Exc Convenience) Strs,,5 to 9,7,$1-2.5 Million,"$1,855,000 ",Single Loc,201408,6,,"2,500 - 9,999",0 - 1 Pcs,"$25,000 to $50,000","$10,000 to $25,000",2,46400,Verified
Big Apple Grocery,609 Wilson Ave,Brooklyn,NY,11207,1220,Kings,Bushwick,(718) 452-4815,445110,Supermarkets/Other Grocery (Exc Convenience) Strs,,1 to 4,2,"$500,000-1 Million","$530,000 ",Single Loc,201408,16,,"0 - 2,499",0 - 1 Pcs,"$10,000 to $25,000","$5,000 to $10,000",3,40900,Verified
Bigeye Market Solutions & Tech,11 Gunther Pl,Brooklyn,NY,11233,3239,Kings,Ocean Hill,(718) 342-1810,445110,Supermarkets/Other Grocery (Exc Convenience) Strs,,1 to 4,2,"$500,000-1 Million","$530,000 ",Single Loc,201408,2,,"0 - 2,499",,"$10,000 to $25,000","$5,000 to $10,000",1,30100,Verified
Birenbaums Food Ctr,5307 Fort Hamilton Pkwy,Brooklyn,NY,11219,4036,Kings,Borough Park,(718) 633-0066,445110,Supermarkets/Other Grocery (Exc Convenience) Strs,,1 to 4,2,"$500,000-1 Million","$530,000 ",Single Loc,201408,16,,"0 - 2,499",0 - 1 Pcs,"$10,000 to $25,000","$5,000 to $10,000",3,21800,Verified
Bjg Food Corp,452 5th Ave,Brooklyn,NY,11215,8124,Kings,South Slope,(718) 788-6162,722511,Full-Service Restaurants,,5 to 9,6,"Less Than $500,000","$404,000 ",Single Loc,201408,3,,"0 - 2,499",,"$25,000 to $50,000","$10,000 to $25,000",4,13900,Verified
BJ'S Wholesale Club,8719 Avenue D,Brooklyn,NY,11236,1600,Kings,Canarsie,(718) 249-1311,452910,Warehouse Clubs & Supercenters,Bj's Wholesale Club,50 to 99,87,$10-20 Million,"$19,676,000 ",Branch,201408,4,,"40,000+",2 - 9 Pcs,"$250,000 to $500,000","Over $100,000",1,96000,Verified
BJ'S Wholesale Club,339 Gateway Dr,Brooklyn,NY,11239,2805,Kings,East New York,(718) 942-2090,452910,Warehouse Clubs & Supercenters,,250 to 499,300,$50-100 Million,"$67,849,000 ",Branch,201408,12,,"40,000+",,"Over $500,000","Over $100,000",1,107000,Verified
BKN Supreme Inc,183 Bedford Ave,Brooklyn,NY,11211,4178,Kings,Williamsburg,(718) 302-2100,445110,Supermarkets/Other Grocery (Exc Convenience) Strs,,1 to 4,2,"$500,000-1 Million","$530,000 ",Single Loc,201405,7,,"0 - 2,499",0 - 1 Pcs,"$10,000 to $25,000","$5,000 to $10,000",1,55300,Verified
Blake Avenue Corp,1149 Blake Ave,Brooklyn,NY,11208,3715,Kings,East New York,(718) 827-7614,445110,Supermarkets/Other Grocery (Exc Convenience) Strs,,1 to 4,2,"$500,000-1 Million","$530,000 ",Single Loc,201408,27,,"0 - 2,499",0 - 1 Pcs,"$10,000 to $25,000","$5,000 to $10,000",3,119400,Verified
Blake Deli Grocery,241 Blake Ave,Brooklyn,NY,11212,5501,Kings,Brownsville,(718) 922-2225,445110,Supermarkets/Other Grocery (Exc Convenience) Strs,,1 to 4,3,"$500,000-1 Million","$795,000 ",Single Loc,201404,11,,"0 - 2,499",0 - 1 Pcs,"$10,000 to $25,000","$10,000 to $25,000",2,92400,Verified
Blake First Deli Grocery,1293 Blake Ave,Brooklyn,NY,11208,3932,Kings,City Line,(718) 277-6958,445110,Supermarkets/Other Grocery (Exc Convenience) Strs,,1 to 4,1,"Less Than $500,000","$265,000 ",Single Loc,201408,5,,"0 - 2,499",0 - 1 Pcs,"Less than $10,000","$2,000 to $5,000",1,120800,Verified
Blake Food Ctr,1149 Blake Ave,Brooklyn,NY,11208,3715,Kings,East New York,(718) 827-7614,445110,Supermarkets/Other Grocery (Exc Convenience) Strs,,1 to 4,4,$1-2.5 Million,"$1,060,000 ",Single Loc,201403,3,,"0 - 2,499",,"$25,000 to $50,000","$10,000 to $25,000",3,119400,Verified
Blooming Market USA,740 Liberty Ave,Brooklyn,NY,11208,2222,Kings,East New York,(347) 365-3250,453110,Florists,,1 to 4,3,"Less Than $500,000","$239,000 ",Single Loc,201408,2,,"0 - 2,499",,"$10,000 to $25,000","$2,000 to $5,000",1,116600,Verified
Blue Corner Grocery,591 Sutter Ave,Brooklyn,NY,11207,4139,Kings,East New York,(718) 495-1755,445110,Supermarkets/Other Grocery (Exc Convenience) Strs,,1 to 4,2,"$500,000-1 Million","$530,000 ",Single Loc,201408,5,,"0 - 2,499",0 - 1 Pcs,"$10,000 to $25,000","$5,000 to $10,000",4,115600,Verified
Blue Grocery Store,57 Malcolm X Blvd,Brooklyn,NY,11221,2315,Kings,Bedford-Stuyvesant,(718) 443-3736,445110,Supermarkets/Other Grocery (Exc Convenience) Strs,,1 to 4,3,"$500,000-1 Million","$795,000 ",Single Loc,201405,3,,"0 - 2,499",,"$10,000 to $25,000","$10,000 to $25,000",4,38700,Verified
Bo Go Pa Manhattan Inc,21 Manhattan Ave,Brooklyn,NY,11206,3956,Kings,East Williamsburg,(718) 387-6324,445110,Supermarkets/Other Grocery (Exc Convenience) Strs,,1 to 4,2,"$500,000-1 Million","$530,000 ",Single Loc,201408,10,,"0 - 2,499",0 - 1 Pcs,"$10,000 to $25,000","$5,000 to $10,000",4,49100,Verified
Boardwalk Foods,7602 Flatlands Ave,Brooklyn,NY,11236,3537,Kings,Canarsie,(718) 444-8694,445110,Supermarkets/Other Grocery (Exc Convenience) Strs,,1 to 4,3,"$500,000-1 Million","$795,000 ",Single Loc,201408,8,,"0 - 2,499",0 - 1 Pcs,"$10,000 to $25,000","$10,000 to $25,000",1,95600,Verified
Bogopa Service Corp,650 Fountain Ave,Brooklyn,NY,11208,5306,Kings,East New York,(718) 257-7801,445110,Supermarkets/Other Grocery (Exc Convenience) Strs,,50 to 99,50,$10-20 Million,"$13,252,000 ",Single Loc,201408,9,1999,"2,500 - 9,999",2 - 9 Pcs,"$250,000 to $500,000","Over $100,000",2,111600,Verified
Bogopa-Junius Inc,417 Junius St,Brooklyn,NY,11212,7238,Kings,Brownsville,(718) 498-4269,445110,Supermarkets/Other Grocery (Exc Convenience) Strs,,10 to 19,15,$2.5-5 Million,"$3,975,000 ",Single Loc,201408,8,,"2,500 - 9,999",0 - 1 Pcs,"$100,000 to $250,000","$50,000 to $100,000",4,91000,Verified
Boishokhi Inc,209 Cortelyou Rd,Brooklyn,NY,11218,4511,Kings,Kensington,(917) 966-1177,445110,Supermarkets/Other Grocery (Exc Convenience) Strs,,1 to 4,3,"$500,000-1 Million","$795,000 ",Single Loc,201408,1,,"0 - 2,499",,"$10,000 to $25,000","$10,000 to $25,000",2,48800,Verified
Bondu Grocery,1257 Fulton St,Brooklyn,NY,11216,2011,Kings,Bedford-Stuyvesant,(718) 638-1423,445110,Supermarkets/Other Grocery (Exc Convenience) Strs,,1 to 4,2,"$500,000-1 Million","$530,000 ",Single Loc,201408,13,,"0 - 2,499",0 - 1 Pcs,"$10,000 to $25,000","$5,000 to $10,000",4,24500,Verified
Bonilla Grocery,213 Union Ave,Brooklyn,NY,11211,8775,Kings,East Williamsburg,(718) 782-2417,445110,Supermarkets/Other Grocery (Exc Convenience) Strs,,1 to 4,3,"$500,000-1 Million","$795,000 ",Single Loc,201404,3,,"0 - 2,499",2 - 9 Pcs,"$10,000 to $25,000","$10,000 to $25,000",3,52700,Verified
Boro Park Grocery,1171 38th St,Brooklyn,NY,11218,1926,Kings,Borough Park,(718) 437-0002,445110,Supermarkets/Other Grocery (Exc Convenience) Strs,,1 to 4,4,$1-2.5 Million,"$1,060,000 ",Single Loc,201408,11,,"0 - 2,499",0 - 1 Pcs,"$25,000 to $50,000","$10,000 to $25,000",2,22600,Verified
Borough Park Supermarket,1891 50th St,Brooklyn,NY,11204,1257,Kings,Mapleton,(718) 837-4797,445110,Supermarkets/Other Grocery (Exc Convenience) Strs,,10 to 19,10,$2.5-5 Million,"$2,650,000 ",Single Loc,201408,3,,"2,500 - 9,999",2 - 9 Pcs,"$50,000 to $100,000","$25,000 to $50,000",1,47400,Verified
Boys & Girls,1749 Fulton St,Brooklyn,NY,11233,0,Kings,,(718) 735-4742,445110,Supermarkets/Other Grocery (Exc Convenience) Strs,,1 to 4,2,"$500,000-1 Million","$530,000 ",Single Loc,201408,17,,"0 - 2,499",0 - 1 Pcs,"$10,000 to $25,000","$5,000 to $10,000",3,37900,Verified
Brancaccio Food Shop,3011 Fort Hamilton Pkwy # 1a,Brooklyn,NY,11218,1647,Kings,Windsor Terrace,(718) 435-1997,722511,Full-Service Restaurants,,5 to 9,6,"Less Than $500,000","$404,000 ",Single Loc,201403,6,,"0 - 2,499",0 - 1 Pcs,"$25,000 to $50,000","$10,000 to $25,000",1,50000,Verified
Bravo Supermarket,785 Grand St,Brooklyn,NY,11211,5008,Kings,East Williamsburg,(347) 889-6279,445110,Supermarkets/Other Grocery (Exc Convenience) Strs,,10 to 19,15,$2.5-5 Million,"$3,975,000 ",Branch,201408,4,,"2,500 - 9,999",0 - 1 Pcs,"$100,000 to $250,000","$50,000 to $100,000",1,49500,Verified
Bravo Supermarket,366 New Lots Ave,Brooklyn,NY,11207,6306,Kings,East New York,(718) 272-2477,445110,Supermarkets/Other Grocery (Exc Convenience) Strs,,10 to 19,15,$2.5-5 Million,"$3,975,000 ",Branch,201408,4,,"2,500 - 9,999",0 - 1 Pcs,"$100,000 to $250,000","$50,000 to $100,000",3,112800,Verified
Bravo Supermarket,455 Sutter Ave,Brooklyn,NY,11212,8111,Kings,Brownsville,(718) 342-4040,445110,Supermarkets/Other Grocery (Exc Convenience) Strs,,20 to 49,36,$5-10 Million,"$9,541,000 ",Branch,201408,4,,"2,500 - 9,999",2 - 9 Pcs,"$100,000 to $250,000","Over $100,000",2,90800,Verified
Bravo Supermarket,91 Humboldt St,Brooklyn,NY,11206,3601,Kings,Williamsburg,(718) 387-0919,445110,Supermarkets/Other Grocery (Exc Convenience) Strs,,20 to 49,20,$5-10 Million,"$5,301,000 ",Branch,201408,21,,"2,500 - 9,999",2 - 9 Pcs,"$100,000 to $250,000","$50,000 to $100,000",2,49100,Verified
Bravo Supermarket,3008 Fulton St,Brooklyn,NY,11208,1119,Kings,Highland Park,(718) 484-1478,445110,Supermarkets/Other Grocery (Exc Convenience) Strs,,10 to 19,15,$2.5-5 Million,"$3,975,000 ",Branch,201408,1,,"2,500 - 9,999",,"$100,000 to $250,000","$50,000 to $100,000",2,116800,Verified
Bravo Supermarket,1299 Fulton St,Brooklyn,NY,11216,2149,Kings,Bedford-Stuyvesant,(718) 857-2616,445110,Supermarkets/Other Grocery (Exc Convenience) Strs,,5 to 9,9,$1-2.5 Million,"$2,385,000 ",Branch,201408,20,,"2,500 - 9,999",0 - 1 Pcs,"$50,000 to $100,000","$25,000 to $50,000",4,24900,Verified
Bravo's,5818 4th Ave,Brooklyn,NY,11220,3810,Kings,Sunset Park,(718) 439-0046,445110,Supermarkets/Other Grocery (Exc Convenience) Strs,,5 to 9,6,$1-2.5 Million,"$1,590,000 ",Single Loc,201408,12,,"0 - 2,499",0 - 1 Pcs,"$25,000 to $50,000","$10,000 to $25,000",3,7400,Verified
Bridge Fresh,68 Jay St # 1,Brooklyn,NY,11201,1186,Kings,Dumbo,(718) 488-1993,445110,Supermarkets/Other Grocery (Exc Convenience) Strs,,5 to 9,5,$1-2.5 Million,"$1,325,000 ",Single Loc,201408,7,,"0 - 2,499",0 - 1 Pcs,"$25,000 to $50,000","$10,000 to $25,000",2,2100,Verified
Brighton Bazaar,1007 Brighton Beach Ave,Brooklyn,NY,11235,5659,Kings,Brighton Beach,(718) 769-1700,722511,Full-Service Restaurants,,100 to 249,100,$5-10 Million,"$6,740,000 ",Single Loc,201408,14,,"2,500 - 9,999",,"$250,000 to $500,000","Over $100,000",1,61004,Verified
Brighton Convenience Inc,3165 Coney Island Ave,Brooklyn,NY,11235,6443,Kings,Brighton Beach,(347) 702-9708,445110,Supermarkets/Other Grocery (Exc Convenience) Strs,,1 to 4,3,"$500,000-1 Million","$795,000 ",Single Loc,201408,3,,"0 - 2,499",,"$10,000 to $25,000","$10,000 to $25,000",1,61003,Verified
Brighton Family Grocery,105 Brighton Beach Ave,Brooklyn,NY,11235,8001,Kings,Brighton Beach,(347) 462-3718,445110,Supermarkets/Other Grocery (Exc Convenience) Strs,,1 to 4,1,"Less Than $500,000","$265,000 ",Single Loc,201408,6,,"0 - 2,499",0 - 1 Pcs,"Less than $10,000","$2,000 to $5,000",3,36200,Verified
Brighton House Inc,500 Brightwater Ct # 1a,Brooklyn,NY,11235,7114,Kings,Brighton Beach,(718) 332-0532,445110,Supermarkets/Other Grocery (Exc Convenience) Strs,,1 to 4,3,"$500,000-1 Million","$795,000 ",Single Loc,201408,24,,"0 - 2,499",0 - 1 Pcs,"$10,000 to $25,000","$10,000 to $25,000",2,36002,Verified
Brighton Six Deli,601 Brighton Beach Ave,Brooklyn,NY,11235,6892,Kings,Brighton Beach,(347) 462-4264,445110,Supermarkets/Other Grocery (Exc Convenience) Strs,,1 to 4,3,"$500,000-1 Million","$795,000 ",Single Loc,201310,4,,"0 - 2,499",0 - 1 Pcs,"$10,000 to $25,000","$10,000 to $25,000",1,36200,Verified
Bristol Star Grocery,607 Bristol St,Brooklyn,NY,11212,5238,Kings,Brownsville,(718) 975-0442,445110,Supermarkets/Other Grocery (Exc Convenience) Strs,,1 to 4,3,"$500,000-1 Million","$795,000 ",Single Loc,201403,5,,"0 - 2,499",0 - 1 Pcs,"$10,000 to $25,000","$10,000 to $25,000",4,91600,Verified
Broadband Centric,80 Church Ave,Brooklyn,NY,11218,2208,Kings,Borough Park,(718) 871-7832,445110,Supermarkets/Other Grocery (Exc Convenience) Strs,,1 to 4,3,"$500,000-1 Million","$795,000 ",Single Loc,201408,3,,"0 - 2,499",,"$10,000 to $25,000","$10,000 to $25,000",3,48600,Verified
Broadway Candy & Grocery Inc,267 Broadway,Brooklyn,NY,11211,6216,Kings,Williamsburg,(718) 782-2330,445110,Supermarkets/Other Grocery (Exc Convenience) Strs,,1 to 4,2,"$500,000-1 Million","$530,000 ",Single Loc,201408,7,,"0 - 2,499",0 - 1 Pcs,"$10,000 to $25,000","$5,000 to $10,000",1,52500,Verified
Broadway Grocery,758 Franklin Ave,Brooklyn,NY,11238,4803,Kings,Crown Heights,(718) 398-6591,445110,Supermarkets/Other Grocery (Exc Convenience) Strs,,1 to 4,1,"Less Than $500,000","$265,000 ",Single Loc,201408,16,,"0 - 2,499",0 - 1 Pcs,"Less than $10,000","$2,000 to $5,000",1,21700,Verified
Broadway Grocery Mini,1254 Broadway,Brooklyn,NY,11221,2909,Kings,Bushwick,(929) 210-8967,445110,Supermarkets/Other Grocery (Exc Convenience) Strs,,1 to 4,3,"$500,000-1 Million","$795,000 ",Single Loc,201408,2,,"0 - 2,499",,"$10,000 to $25,000","$10,000 to $25,000",1,38700,Verified
Brooklyn Boys Grocery Inc,1815 Church Ave,Brooklyn,NY,11226,3714,Kings,Flatbush,(718) 856-0078,445110,Supermarkets/Other Grocery (Exc Convenience) Strs,,1 to 4,3,"$500,000-1 Million","$795,000 ",Single Loc,201408,9,,"0 - 2,499",0 - 1 Pcs,"$10,000 to $25,000","$10,000 to $25,000",1,50600,Verified
Brooklyn Fairway,480 Van Brunt St,Brooklyn,NY,11231,1014,Kings,Red Hook,(718) 935-1537,445110,Supermarkets/Other Grocery (Exc Convenience) Strs,,1 to 4,3,"$500,000-1 Million","$795,000 ",Single Loc,201311,8,,"0 - 2,499",0 - 1 Pcs,"$10,000 to $25,000","$10,000 to $25,000",1,5300,Verified
Brooklyn Filipino Store,9122 Avenue L,Brooklyn,NY,11236,4819,Kings,Canarsie,(718) 531-5856,445110,Supermarkets/Other Grocery (Exc Convenience) Strs,,1 to 4,1,"Less Than $500,000","$265,000 ",Single Loc,201408,20,,"0 - 2,499",0 - 1 Pcs,"Less than $10,000","$2,000 to $5,000",1,100800,Verified
Brooklyn Finast Deli Corp,159 York St,Brooklyn,NY,11201,1508,Kings,Vinegar Hill,(718) 852-6032,445110,Supermarkets/Other Grocery (Exc Convenience) Strs,,1 to 4,3,"$500,000-1 Million","$795,000 ",Single Loc,201408,4,,"0 - 2,499",0 - 1 Pcs,"$10,000 to $25,000","$10,000 to $25,000",3,2100,Verified
Brooklyn Food Ctr Inc,6407 9th Ave,Brooklyn,NY,11220,4725,Kings,Borough Park,(718) 833-9700,445110,Supermarkets/Other Grocery (Exc Convenience) Strs,,20 to 49,30,$5-10 Million,"$7,951,000 ",Single Loc,201401,6,,"2,500 - 9,999",2 - 9 Pcs,"$100,000 to $250,000","Over $100,000",1,12000,Verified
Brooklyn Food Stamp Ctr,500 Dekalb Ave # 5,Brooklyn,NY,11205,4808,Kings,Bedford-Stuyvesant,(718) 636-7046,445110,Supermarkets/Other Grocery (Exc Convenience) Strs,,1 to 4,4,$1-2.5 Million,"$1,060,000 ",Single Loc,201408,4,,"0 - 2,499",0 - 1 Pcs,"$25,000 to $50,000","$10,000 to $25,000",3,23300,Verified
Brooklyn Food Stamp Ctr,404 Pine St,Brooklyn,NY,11208,2809,Kings,City Line,(718) 827-3444,445110,Supermarkets/Other Grocery (Exc Convenience) Strs,,1 to 4,4,$1-2.5 Million,"$1,060,000 ",Single Loc,201408,4,,"0 - 2,499",0 - 1 Pcs,"$25,000 to $50,000","$10,000 to $25,000",2,119600,Verified
Brooklyn Gourmet Deli Corp,313 Bedford Ave,Brooklyn,NY,11211,5203,Kings,Williamsburg,(718) 486-8261,445110,Supermarkets/Other Grocery (Exc Convenience) Strs,,1 to 4,3,"$500,000-1 Million","$795,000 ",Single Loc,201408,11,,"0 - 2,499",0 - 1 Pcs,"$10,000 to $25,000","$10,000 to $25,000",2,55100,Verified
Brooklyn Natural Foods,49 Bogart St # 3,Brooklyn,NY,11206,3836,Kings,Williamsburg,(718) 381-0650,445110,Supermarkets/Other Grocery (Exc Convenience) Strs,,1 to 4,3,"$500,000-1 Million","$795,000 ",Single Loc,201401,3,,"0 - 2,499",,"$10,000 to $25,000","$10,000 to $25,000",2,48500,Verified
Brother Food Ctr,902 Rutland Rd,Brooklyn,NY,11203,1912,Kings,East Flatbush,(718) 774-1979,445110,Supermarkets/Other Grocery (Exc Convenience) Strs,,1 to 4,1,"Less Than $500,000","$265,000 ",Single Loc,201402,10,,"0 - 2,499",0 - 1 Pcs,"Less than $10,000","$2,000 to $5,000",1,87800,Verified
Brother Mini Market,1266 E 37th St,Brooklyn,NY,11210,4828,Kings,Flatlands,(718) 252-1371,445110,Supermarkets/Other Grocery (Exc Convenience) Strs,,1 to 4,2,"$500,000-1 Million","$530,000 ",Single Loc,201408,2,,"0 - 2,499",,"$10,000 to $25,000","$5,000 to $10,000",1,73800,Verified
Brothers Deli,1739 Flatbush Ave,Brooklyn,NY,11210,4236,Kings,Flatlands,(718) 253-0039,445110,Supermarkets/Other Grocery (Exc Convenience) Strs,,1 to 4,1,"Less Than $500,000","$265,000 ",Single Loc,201408,30,,"0 - 2,499",0 - 1 Pcs,"Less than $10,000","$2,000 to $5,000",1,74000,Verified
Brothers Deli Grocery,60 Saint Nicholas Ave,Brooklyn,NY,11237,3002,Kings,Bushwick,(718) 456-0171,445110,Supermarkets/Other Grocery (Exc Convenience) Strs,,1 to 4,4,$1-2.5 Million,"$1,060,000 ",Single Loc,201408,4,,"0 - 2,499",0 - 1 Pcs,"$25,000 to $50,000","$10,000 to $25,000",3,44500,Verified
Brothers Grocery,207 Hull St,Brooklyn,NY,11233,4397,Kings,Ocean Hill,(718) 574-7323,445120,Convenience Stores,,1 to 4,2,"$500,000-1 Million","$530,000 ",Single Loc,201408,20,1995,"0 - 2,499",0 - 1 Pcs,"$10,000 to $25,000","$5,000 to $10,000",1,36900,Verified
Brownsville Supermarket,44 New Lots Ave,Brooklyn,NY,11212,6934,Kings,Brownsville,(718) 346-4532,445110,Supermarkets/Other Grocery (Exc Convenience) Strs,,1 to 4,3,"$500,000-1 Million","$795,000 ",Single Loc,201403,3,,"0 - 2,499",,"$10,000 to $25,000","$10,000 to $25,000",3,92000,Verified
Bsk Grocery Store,4701 8th Ave # B,Brooklyn,NY,11220,1523,Kings,Sunset Park,(718) 853-3795,445110,Supermarkets/Other Grocery (Exc Convenience) Strs,,1 to 4,3,"$500,000-1 Million","$795,000 ",Single Loc,201408,4,,"0 - 2,499",0 - 1 Pcs,"$10,000 to $25,000","$10,000 to $25,000",2,9400,Verified
Buckley's Market,251 Nassau Ave,Brooklyn,NY,11222,4783,Kings,Greenpoint,(718) 383-6328,445110,Supermarkets/Other Grocery (Exc Convenience) Strs,,1 to 4,3,"$500,000-1 Million","$795,000 ",Single Loc,201408,5,,"0 - 2,499",0 - 1 Pcs,"$10,000 to $25,000","$10,000 to $25,000",1,58900,Verified
Buen Gusto Grocery Store,5423 4th Ave,Brooklyn,NY,11220,3005,Kings,Sunset Park,(718) 492-3671,445110,Supermarkets/Other Grocery (Exc Convenience) Strs,,1 to 4,3,"$500,000-1 Million","$795,000 ",Single Loc,201408,28,,"0 - 2,499",0 - 1 Pcs,"$10,000 to $25,000","$10,000 to $25,000",2,7600,Verified
Buena Vista Deli & Grocery,152 Knickerbocker Ave,Brooklyn,NY,11237,2379,Kings,Bushwick,(718) 456-5776,445110,Supermarkets/Other Grocery (Exc Convenience) Strs,,1 to 4,1,"Less Than $500,000","$265,000 ",Single Loc,201408,20,,"0 - 2,499",0 - 1 Pcs,"Less than $10,000","$2,000 to $5,000",4,42700,Verified
Bueno Deli Grocery,4901 4th Ave,Brooklyn,NY,11220,1819,Kings,Sunset Park,(718) 439-9090,445110,Supermarkets/Other Grocery (Exc Convenience) Strs,,1 to 4,3,"$500,000-1 Million","$795,000 ",Single Loc,201408,2,,"0 - 2,499",,"$10,000 to $25,000","$10,000 to $25,000",1,7800,Verified
Bushwick Grocery,1124 Bushwick Ave,Brooklyn,NY,11221,4829,Kings,Bushwick,(718) 919-0581,445110,Supermarkets/Other Grocery (Exc Convenience) Strs,,5 to 9,7,$1-2.5 Million,"$1,855,000 ",Single Loc,201408,6,,"2,500 - 9,999",0 - 1 Pcs,"$25,000 to $50,000","$10,000 to $25,000",2,39700,Verified
Business Grocery Store,209 Sullivan Pl,Brooklyn,NY,11225,2744,Kings,Crown Heights,(347) 405-6910,445110,Supermarkets/Other Grocery (Exc Convenience) Strs,,1 to 4,3,"$500,000-1 Million","$795,000 ",Single Loc,201408,4,,"0 - 2,499",0 - 1 Pcs,"$10,000 to $25,000","$10,000 to $25,000",3,32300,Verified
Busy Bee Food Exchange,185 Nassau Ave,Brooklyn,NY,11222,3508,Kings,Greenpoint,(718) 389-2188,445110,Supermarkets/Other Grocery (Exc Convenience) Strs,,10 to 19,10,$2.5-5 Million,"$2,650,000 ",Single Loc,201408,19,,"2,500 - 9,999",0 - 1 Pcs,"$50,000 to $100,000","$25,000 to $50,000",1,57100,Verified
Buy Food Corp,44 New Lots Ave,Brooklyn,NY,11212,6934,Kings,Brownsville,(718) 346-4532,445110,Supermarkets/Other Grocery (Exc Convenience) Strs,,1 to 4,4,$1-2.5 Million,"$1,060,000 ",Single Loc,201405,21,,"0 - 2,499",0 - 1 Pcs,"$25,000 to $50,000","$10,000 to $25,000",3,92000,Verified
Buy Rite Supermarket,8504 20th Ave,Brooklyn,NY,11214,3202,Kings,Bath Beach,(718) 333-2180,445110,Supermarkets/Other Grocery (Exc Convenience) Strs,,1 to 4,3,"$500,000-1 Million","$795,000 ",Single Loc,201408,14,,"0 - 2,499",0 - 1 Pcs,"$10,000 to $25,000","$10,000 to $25,000",2,28400,Verified
Byvd Quality Food Corp,2716 W 15th St,Brooklyn,NY,11224,2706,Kings,Coney Island,(718) 265-0007,445110,Supermarkets/Other Grocery (Exc Convenience) Strs,,1 to 4,3,"$500,000-1 Million","$795,000 ",Single Loc,201404,4,,"0 - 2,499",0 - 1 Pcs,"$10,000 to $25,000","$10,000 to $25,000",1,34800,Verified
C & E Minideli Grocery,586 Bushwick Ave,Brooklyn,NY,11206,6020,Kings,Bushwick,(718) 455-5585,445110,Supermarkets/Other Grocery (Exc Convenience) Strs,,1 to 4,3,"$500,000-1 Million","$795,000 ",Single Loc,201408,5,,"0 - 2,499",0 - 1 Pcs,"$10,000 to $25,000","$10,000 to $25,000",3,38900,Verified
C & H Grocery Inc,7401 18th Ave,Brooklyn,NY,11204,5680,Kings,Bensonhurst,(718) 331-1689,445110,Supermarkets/Other Grocery (Exc Convenience) Strs,,1 to 4,3,"$500,000-1 Million","$795,000 ",Single Loc,201408,4,,"0 - 2,499",0 - 1 Pcs,"$10,000 to $25,000","$10,000 to $25,000",2,27400,Verified
C & S Grocery & Deli,7602 18th Ave,Brooklyn,NY,11214,1108,Kings,Bensonhurst,(347) 275-5813,445110,Supermarkets/Other Grocery (Exc Convenience) Strs,,1 to 4,1,"Less Than $500,000","$265,000 ",Single Loc,201403,5,,"0 - 2,499",0 - 1 Pcs,"Less than $10,000","$2,000 to $5,000",3,26400,Verified
C & W Grocery Inc,,Brooklyn,NY,11214,0,Kings,,(718) 333-5477,445110,Supermarkets/Other Grocery (Exc Convenience) Strs,,1 to 4,3,"$500,000-1 Million","$795,000 ",Single Loc,201403,3,,"0 - 2,499",,"$10,000 to $25,000","$10,000 to $25,000",3,29000,Verified
C T S Grocery Inc,1674 Bay Ridge Ave,Brooklyn,NY,11204,5009,Kings,Bensonhurst,(718) 630-1111,445110,Supermarkets/Other Grocery (Exc Convenience) Strs,,1 to 4,3,"$500,000-1 Million","$795,000 ",Single Loc,201408,2,,"0 - 2,499",,"$10,000 to $25,000","$10,000 to $25,000",1,26200,Verified
Caken It,1455 E 51st St,Brooklyn,NY,11234,3201,Kings,Flatlands,(347) 662-8297,445299,All Other Specialty Food Stores,,10 to 19,10,$1-2.5 Million,"$1,176,000 ",Single Loc,201406,1,,"2,500 - 9,999",,"$25,000 to $50,000","$10,000 to $25,000",1,67600,Verified
Campos Deli Grocery,7020 20th Ave,Brooklyn,NY,11204,5317,Kings,Bensonhurst,(718) 234-1005,445110,Supermarkets/Other Grocery (Exc Convenience) Strs,,1 to 4,3,"$500,000-1 Million","$795,000 ",Single Loc,201408,4,,"0 - 2,499",0 - 1 Pcs,"$10,000 to $25,000","$10,000 to $25,000",3,25800,Verified
Campos Deli Grocery,204 Highlawn Ave,Brooklyn,NY,11223,2648,Kings,Gravesend,(718) 627-6690,445110,Supermarkets/Other Grocery (Exc Convenience) Strs,,1 to 4,2,"$500,000-1 Million","$530,000 ",Single Loc,201408,10,,"0 - 2,499",0 - 1 Pcs,"$10,000 to $25,000","$5,000 to $10,000",1,40800,Verified
Canarsie Food Ctr,245 Stanley Ave,Brooklyn,NY,11207,7607,Kings,East New York,(718) 272-6415,445110,Supermarkets/Other Grocery (Exc Convenience) Strs,,1 to 4,3,"$500,000-1 Million","$795,000 ",Single Loc,201408,30,,"0 - 2,499",0 - 1 Pcs,"$10,000 to $25,000","$10,000 to $25,000",1,109800,Verified
Candeliar Grocery,233 S 3rd St,Brooklyn,NY,11211,8773,Kings,Williamsburg,(718) 599-1511,445110,Supermarkets/Other Grocery (Exc Convenience) Strs,,1 to 4,2,"$500,000-1 Million","$530,000 ",Single Loc,201408,9,,"0 - 2,499",0 - 1 Pcs,"$10,000 to $25,000","$5,000 to $10,000",2,52300,Verified
Captain Deli Grill,123 Bay 53rd St,Brooklyn,NY,11214,7208,Kings,Gravesend,(718) 942-5786,722513,Limited-Service Restaurants,,1 to 4,3,"Less Than $500,000","$202,000 ",Single Loc,201408,2,,"0 - 2,499",,"$10,000 to $25,000","$5,000 to $10,000",1,34800,Verified
Captain Grocery,7922 41st St,Brooklyn,NY,11209,0,Kings,,(718) 748-3337,445110,Supermarkets/Other Grocery (Exc Convenience) Strs,,1 to 4,3,"$500,000-1 Million","$795,000 ",Single Loc,201408,9,,"0 - 2,499",0 - 1 Pcs,"$10,000 to $25,000","$10,000 to $25,000",2,6200,Verified
Caren & Clara Grocery,7502 New Utrecht Ave,Brooklyn,NY,11214,1020,Kings,Bensonhurst,(718) 513-3497,445110,Supermarkets/Other Grocery (Exc Convenience) Strs,,1 to 4,3,"$500,000-1 Million","$795,000 ",Single Loc,201408,7,,"0 - 2,499",0 - 1 Pcs,"$10,000 to $25,000","$10,000 to $25,000",2,18800,Verified
Caren Grocery Store,2053 Pitkin Ave,Brooklyn,NY,11207,3426,Kings,East New York,(718) 342-3035,445110,Supermarkets/Other Grocery (Exc Convenience) Strs,,1 to 4,3,"$500,000-1 Million","$795,000 ",Single Loc,201408,4,,"0 - 2,499",0 - 1 Pcs,"$10,000 to $25,000","$10,000 to $25,000",3,114400,Verified
Carlos Food Ctr,62 Manhattan Ave,Brooklyn,NY,11206,3144,Kings,East Williamsburg,(718) 384-4187,445110,Supermarkets/Other Grocery (Exc Convenience) Strs,,5 to 9,6,$1-2.5 Million,"$1,590,000 ",Single Loc,201408,9,,"0 - 2,499",0 - 1 Pcs,"$25,000 to $50,000","$10,000 to $25,000",3,49100,Verified
Carl's Grocery Inc,8514 23rd Ave,Brooklyn,NY,11214,4106,Kings,Gravesend,(718) 837-7336,445110,Supermarkets/Other Grocery (Exc Convenience) Strs,,1 to 4,1,"Less Than $500,000","$265,000 ",Single Loc,201408,31,,"0 - 2,499",0 - 1 Pcs,"Less than $10,000","$2,000 to $5,000",2,29600,Verified
Carroll Grocery & Deli Corp,142 Carroll St,Brooklyn,NY,11231,3508,Kings,Carroll Gardens,(718) 522-3257,445110,Supermarkets/Other Grocery (Exc Convenience) Strs,,1 to 4,2,"$500,000-1 Million","$530,000 ",Single Loc,201408,26,,"0 - 2,499",0 - 1 Pcs,"$10,000 to $25,000","$5,000 to $10,000",2,6500,Verified
Casa Blanca Flowers,1279 39th St,Brooklyn,NY,11218,1932,Kings,Borough Park,(718) 708-4589,453110,Florists,,1 to 4,3,"Less Than $500,000","$239,000 ",Single Loc,201403,3,,"0 - 2,499",,"$10,000 to $25,000","$2,000 to $5,000",1,22600,Verified
Cazuela Mini Mkt Plus 99cents,691 Knickerbocker Ave,Brooklyn,NY,11221,5305,Kings,Bushwick,(718) 928-7310,722511,Full-Service Restaurants,,5 to 9,6,"Less Than $500,000","$404,000 ",Single Loc,201408,4,,"0 - 2,499",0 - 1 Pcs,"$25,000 to $50,000","$10,000 to $25,000",1,43500,Verified
Celeste Deli Grocery,444 Marcus Garvey Blvd,Brooklyn,NY,11216,2422,Kings,Bedford-Stuyvesant,(917) 652-4680,445110,Supermarkets/Other Grocery (Exc Convenience) Strs,,1 to 4,3,"$500,000-1 Million","$795,000 ",Single Loc,201403,4,,"0 - 2,499",0 - 1 Pcs,"$10,000 to $25,000","$10,000 to $25,000",4,27500,Verified
Celeste Groceries,820 Franklin Ave,Brooklyn,NY,11225,1202,Kings,Crown Heights,(718) 774-1856,445110,Supermarkets/Other Grocery (Exc Convenience) Strs,,1 to 4,3,"$500,000-1 Million","$795,000 ",Single Loc,201311,7,,"0 - 2,499",0 - 1 Pcs,"$10,000 to $25,000","$10,000 to $25,000",1,21300,Verified
Center One Grocery,4604 13th Ave,Brooklyn,NY,11219,2630,Kings,Borough Park,(718) 633-8099,445110,Supermarkets/Other Grocery (Exc Convenience) Strs,,1 to 4,2,"$500,000-1 Million","$530,000 ",Single Loc,201408,24,,"0 - 2,499",0 - 1 Pcs,"$10,000 to $25,000","$5,000 to $10,000",1,22200,Verified
Central Fork,252 Central Ave,Brooklyn,NY,11221,3443,Kings,Bushwick,(718) 453-9419,445110,Supermarkets/Other Grocery (Exc Convenience) Strs,,1 to 4,3,"$500,000-1 Million","$795,000 ",Single Loc,201402,16,,"0 - 2,499",0 - 1 Pcs,"$10,000 to $25,000","$10,000 to $25,000",2,42100,Verified
Central Grocery Store,372 Central Ave,Brooklyn,NY,11221,4541,Kings,Bushwick,(718) 443-5223,445110,Supermarkets/Other Grocery (Exc Convenience) Strs,,1 to 4,3,"$500,000-1 Million","$795,000 ",Single Loc,201408,8,,"0 - 2,499",0 - 1 Pcs,"$10,000 to $25,000","$10,000 to $25,000",3,41700,Verified
Central Supermarket,112 Central Ave,Brooklyn,NY,11221,3679,Kings,Bushwick,(347) 425-8716,445110,Supermarkets/Other Grocery (Exc Convenience) Strs,,1 to 4,3,"$500,000-1 Million","$795,000 ",Single Loc,201401,4,,"0 - 2,499",0 - 1 Pcs,"$10,000 to $25,000","$10,000 to $25,000",2,42300,Verified
Century Mart Of Avenue U,2309 Avenue U,Brooklyn,NY,11229,4916,Kings,Sheepshead Bay,(718) 368-3666,445110,Supermarkets/Other Grocery (Exc Convenience) Strs,,1 to 4,3,"$500,000-1 Million","$795,000 ",Single Loc,201403,7,,"0 - 2,499",0 - 1 Pcs,"$10,000 to $25,000","$10,000 to $25,000",2,57600,Verified
Cepeda Grocery,746 Washington Ave,Brooklyn,NY,11238,4008,Kings,Prospect Heights,(718) 638-3947,445110,Supermarkets/Other Grocery (Exc Convenience) Strs,,1 to 4,2,"$500,000-1 Million","$530,000 ",Single Loc,201310,31,,"0 - 2,499",0 - 1 Pcs,"$10,000 to $25,000","$5,000 to $10,000",3,20500,Verified
Cerrito Chinanteco El,4001 9th Ave,Brooklyn,NY,11232,3801,Kings,Borough Park,(718) 686-1026,445110,Supermarkets/Other Grocery (Exc Convenience) Strs,,1 to 4,4,$1-2.5 Million,"$1,060,000 ",Single Loc,201405,5,,"0 - 2,499",0 - 1 Pcs,"$25,000 to $50,000","$10,000 to $25,000",2,11000,Verified
Chalouh International Food,509 Kings Hwy,Brooklyn,NY,11223,1940,Kings,Gravesend,(718) 998-2628,445110,Supermarkets/Other Grocery (Exc Convenience) Strs,,1 to 4,2,"$500,000-1 Million","$530,000 ",Single Loc,201408,7,,"0 - 2,499",0 - 1 Pcs,"$10,000 to $25,000","$5,000 to $10,000",2,42200,Verified
Chang Fa Food Market Inc,1418 Avenue U,Brooklyn,NY,11229,3320,Kings,Homecrest,(718) 787-9899,445110,Supermarkets/Other Grocery (Exc Convenience) Strs,,20 to 49,20,$5-10 Million,"$5,301,000 ",Single Loc,201408,9,,"2,500 - 9,999",2 - 9 Pcs,"$100,000 to $250,000","$50,000 to $100,000",2,58000,Verified
Chavelita Deli Grocery,1114 Cortelyou Rd # A,Brooklyn,NY,11218,5313,Kings,Flatbush,(718) 284-1656,445110,Supermarkets/Other Grocery (Exc Convenience) Strs,,1 to 4,3,"$500,000-1 Million","$795,000 ",Single Loc,201408,12,,"0 - 2,499",0 - 1 Pcs,"$10,000 to $25,000","$10,000 to $25,000",1,52600,Verified
Chazak Inc,1835 54th St,Brooklyn,NY,11204,1546,Kings,Mapleton,(718) 484-7811,445110,Supermarkets/Other Grocery (Exc Convenience) Strs,,1 to 4,3,"$500,000-1 Million","$795,000 ",Single Loc,201408,4,,"0 - 2,499",0 - 1 Pcs,"$10,000 to $25,000","$10,000 to $25,000",2,47200,Verified
Checo Food Corp,4201 Farragut Rd,Brooklyn,NY,11203,6517,Kings,East Flatbush,(347) 295-1515,445110,Supermarkets/Other Grocery (Exc Convenience) Strs,,1 to 4,3,"$500,000-1 Million","$795,000 ",Single Loc,201408,4,,"0 - 2,499",0 - 1 Pcs,"$10,000 to $25,000","$10,000 to $25,000",2,83600,Verified
Checo Grocery,1245 Halsey St,Brooklyn,NY,11237,6234,Kings,Bushwick,(718) 366-8030,445110,Supermarkets/Other Grocery (Exc Convenience) Strs,,1 to 4,2,"$500,000-1 Million","$530,000 ",Single Loc,201408,20,,"0 - 2,499",0 - 1 Pcs,"$10,000 to $25,000","$5,000 to $10,000",4,43700,Verified
Chef's Table At Brooklyn Fare,200 Schermerhorn St # 1,Brooklyn,NY,11201,5891,Kings,Boerum Hill,(718) 243-0050,445110,Supermarkets/Other Grocery (Exc Convenience) Strs,,20 to 49,26,$5-10 Million,"$6,891,000 ",Single Loc,201408,5,,"2,500 - 9,999",2 - 9 Pcs,"$100,000 to $250,000","$50,000 to $100,000",1,4100,Verified
Cherry Hill Gourmet Market,1901 Emmons Ave # 103,Brooklyn,NY,11235,2700,Kings,Sheepshead Bay,(718) 616-1900,722511,Full-Service Restaurants,,20 to 49,35,$1-2.5 Million,"$2,359,000 ",Single Loc,201408,4,,"2,500 - 9,999",,"$100,000 to $250,000","$50,000 to $100,000",1,60800,Verified
Chester S Grocery & Deli,498 Chester St,Brooklyn,NY,11212,5347,Kings,Brownsville,(718) 922-0505,445110,Supermarkets/Other Grocery (Exc Convenience) Strs,,1 to 4,4,$1-2.5 Million,"$1,060,000 ",Single Loc,201408,1,,"0 - 2,499",,"$25,000 to $50,000","$10,000 to $25,000",4,91600,Verified
Chestnut Grocery,700 Myrtle Ave,Brooklyn,NY,11205,3916,Kings,Bedford-Stuyvesant,(718) 388-1200,445110,Supermarkets/Other Grocery (Exc Convenience) Strs,,1 to 4,3,"$500,000-1 Million","$795,000 ",Single Loc,201402,5,,"0 - 2,499",0 - 1 Pcs,"$10,000 to $25,000","$10,000 to $25,000",1,24100,Verified
Chi Chi Grocery,147 Wilson Ave,Brooklyn,NY,11237,8038,Kings,Bushwick,(718) 417-8864,445110,Supermarkets/Other Grocery (Exc Convenience) Strs,,1 to 4,3,"$500,000-1 Million","$795,000 ",Single Loc,201408,20,,"0 - 2,499",0 - 1 Pcs,"$10,000 to $25,000","$10,000 to $25,000",1,42900,Verified
Chin's Minimark Inc,8306 17th Ave,Brooklyn,NY,11214,2118,Kings,Bensonhurst,(718) 236-5607,445120,Convenience Stores,,1 to 4,2,"$500,000-1 Million","$530,000 ",Single Loc,201408,9,,"0 - 2,499",0 - 1 Pcs,"$10,000 to $25,000","$5,000 to $10,000",2,18200,Verified
Choeng Hing Grocery,7022 18th Ave,Brooklyn,NY,11204,5201,Kings,Bensonhurst,(718) 232-9039,445110,Supermarkets/Other Grocery (Exc Convenience) Strs,,5 to 9,5,$1-2.5 Million,"$1,325,000 ",Single Loc,201408,13,,"0 - 2,499",0 - 1 Pcs,"$25,000 to $50,000","$10,000 to $25,000",3,26000,Verified
Choi Hung Grocery Inc,812 68th St,Brooklyn,NY,11220,5708,Kings,Dyker Heights,(718) 439-3157,445110,Supermarkets/Other Grocery (Exc Convenience) Strs,,1 to 4,2,"$500,000-1 Million","$530,000 ",Single Loc,201408,16,,"0 - 2,499",0 - 1 Pcs,"$10,000 to $25,000","$5,000 to $10,000",1,12801,Verified
Choice Greene,214 Greene Ave,Brooklyn,NY,11238,6900,Kings,Clinton Hill,(718) 230-1243,445110,Supermarkets/Other Grocery (Exc Convenience) Strs,,10 to 19,15,$2.5-5 Million,"$3,975,000 ",Single Loc,201401,3,,"2,500 - 9,999",,"$100,000 to $250,000","$50,000 to $100,000",1,20100,Verified
Choice Market,318 Lafayette Ave,Brooklyn,NY,11238,1225,Kings,Clinton Hill,(718) 230-5214,722511,Full-Service Restaurants,,10 to 19,12,"$500,000-1 Million","$808,000 ",Single Loc,201403,9,,"2,500 - 9,999",0 - 1 Pcs,"$50,000 to $100,000","$25,000 to $50,000",2,19700,Verified
Cholula Dely Grocery,1481 Myrtle Ave,Brooklyn,NY,11237,5101,Kings,Bushwick,(718) 497-4982,445110,Supermarkets/Other Grocery (Exc Convenience) Strs,,1 to 4,3,"$500,000-1 Million","$795,000 ",Single Loc,201408,12,,"0 - 2,499",0 - 1 Pcs,"$10,000 to $25,000","$10,000 to $25,000",2,43300,Verified
Cholula II Deli Grocery,633 Myrtle Ave,Brooklyn,NY,11205,5640,Kings,Bedford-Stuyvesant,(718) 638-2519,445110,Supermarkets/Other Grocery (Exc Convenience) Strs,,1 to 4,3,"$500,000-1 Million","$795,000 ",Single Loc,201408,6,,"0 - 2,499",0 - 1 Pcs,"$10,000 to $25,000","$10,000 to $25,000",1,123700,Verified
Chun Trading Inc,7005 18th Ave,Brooklyn,NY,11204,5202,Kings,Bensonhurst,(718) 236-2289,445110,Supermarkets/Other Grocery (Exc Convenience) Strs,,1 to 4,2,"$500,000-1 Million","$530,000 ",Single Loc,201408,7,,"0 - 2,499",0 - 1 Pcs,"$10,000 to $25,000","$5,000 to $10,000",2,26000,Verified
Church Ave Restaurant Cafe,424 Church Ave,Brooklyn,NY,11218,3108,Kings,Kensington,(347) 663-5791,813110,Religious Organizations,,1 to 4,2,,$0 ,Single Loc,201408,3,,"2,500 - 9,999",,"Less than $10,000","Less than $2,000",4,49400,Verified
Church Exclusive Grocery,3901 Church Ave,Brooklyn,NY,11203,2914,Kings,East Flatbush,(718) 856-1868,445110,Supermarkets/Other Grocery (Exc Convenience) Strs,,1 to 4,3,"$500,000-1 Million","$795,000 ",Single Loc,201404,5,,"0 - 2,499",0 - 1 Pcs,"$10,000 to $25,000","$10,000 to $25,000",2,81400,Verified
Church Grocery,2837 Church Ave,Brooklyn,NY,11226,4168,Kings,Flatbush,(718) 287-3435,445110,Supermarkets/Other Grocery (Exc Convenience) Strs,,1 to 4,1,"Less Than $500,000","$265,000 ",Single Loc,201405,21,,"0 - 2,499",0 - 1 Pcs,"Less than $10,000","$2,000 to $5,000",3,82000,Verified
Citi Supermarket,1335 Gates Ave,Brooklyn,NY,11221,4705,Kings,Bushwick,(347) 529-3353,445110,Supermarkets/Other Grocery (Exc Convenience) Strs,,1 to 4,3,"$500,000-1 Million","$795,000 ",Single Loc,201408,3,,"0 - 2,499",,"$10,000 to $25,000","$10,000 to $25,000",3,41700,Verified
City Line Hallel Meat Grocery,167 Forbell St,Brooklyn,NY,11208,3008,Kings,City Line,(718) 277-1810,445110,Supermarkets/Other Grocery (Exc Convenience) Strs,,1 to 4,3,"$500,000-1 Million","$795,000 ",Single Loc,201403,7,,"0 - 2,499",0 - 1 Pcs,"$10,000 to $25,000","$10,000 to $25,000",1,118800,Verified
City Pride Grocery & Deli,231 Kingston Ave,Brooklyn,NY,11213,2508,Kings,Crown Heights,(718) 363-5897,445110,Supermarkets/Other Grocery (Exc Convenience) Strs,,1 to 4,2,"$500,000-1 Million","$530,000 ",Single Loc,201405,6,,"0 - 2,499",0 - 1 Pcs,"$10,000 to $25,000","$5,000 to $10,000",2,34300,Verified
City Star Market,8702 5th Ave,Brooklyn,NY,11209,5204,Kings,Bay Ridge,(718) 833-0376,445110,Supermarkets/Other Grocery (Exc Convenience) Strs,,1 to 4,3,"$500,000-1 Million","$795,000 ",Single Loc,201402,3,,"0 - 2,499",,"$10,000 to $25,000","$10,000 to $25,000",4,16000,Verified
Clarendon Deli,1133 Flatbush Ave,Brooklyn,NY,11226,6141,Kings,Flatbush,(718) 928-7171,445110,Supermarkets/Other Grocery (Exc Convenience) Strs,,1 to 4,2,"$500,000-1 Million","$530,000 ",Single Loc,201403,7,,"0 - 2,499",0 - 1 Pcs,"$10,000 to $25,000","$5,000 to $10,000",3,79200,Verified
